Workbook
Name YES: 'EOR_Data Gathering'!$D$44
Name YES: #REF!

Sheet Sor_f
A1: Core sample | B1: Year | C1: % Sor Reduction (AS) = Sorw- Sorc / Sorw, % | D1: % Sor Reduction (AS,P) = Sorw- Sorp / Sorw, % | E1: % Sor Reduction (SP) = Sorw- Sorp / Sorw
A2: LB-1_2013 | B2: 2013 | C2: 20 | D2: 42 | E2: 0
A3: LB-2_2013 | B3: 2013 | C3: 42 | D3: 49 | E3: 0
A4: LB-3_2013 | B4: 2013 | C4: 26 | D4: 32 | E4: 0
A5: LB-4_2013 | B5: 2013 | C5: 30 | D5: 52 | E5: 0
A6: LN-1_2013 | B6: 2013 | C6: 29 | D6: 33 | E6: 0
A7: 1L_2003 | B7: 2003 | C7: 0 | D7: 3.6 | E7: 0
A8: 2L_2003 | B8: 2003 | C8: 0 | D8: 20.6 | E8: 0
A9: 3L_2003 | B9: 2003 | C9: 0 | D9: 0 | E9: 9.8
A10: 4L_2003 | B10: 2003 | C10: 0 | D10: 14.1 | E10: 0
A11: 1R_2003 | B11: 2003 | C11: 0.79365079 | D11: 0 | E11: 0
A12: 2R_2003 | B12: 2003 | C12: 19.187359 | D12: 0 | E12: 0
A13: 3R_2003 | B13: 2003 | C13: 0 | D13: 0 | E13: 5.7275542
... A20: 10R_2003 | B20: 2003 | C20: 24.390244 | D20: 0 | E20: 0

Sheet Coreflood Summary
A1: Year | B1: Type | C1: Core Floof Sample | D1: Alkali Type & Concentration | E1: Surfactant Type & Concentration | F1: Polymer Type & Concentration
A2: 2013 | B2: ASP | C2: LB-1_2013 | D2: 1 % NaOH | E2: 0.075% ORS6-72 | F2: 1000 ppm SuperPusher
A3: 2013 | B3: ASP | C3: LB-2_2013 | D3: 1 % Na2C03 | E3: 0.075% ORS6-72 | F3: 1000 ppm SuperPusher
A4: 2013 | B4: ASP | C4: LB-3_2013 | D4: 1 % NaOH | E4: 0.075% ORS6-72 | F4: 1000 ppm SuperPusher
A5: 2013 | B5: ASP | C5: LB-4_2013 | D5: 1 % Na2C03 | E5: 0.075% ORS6-72 | F5: 1000 ppm SuperPusher
A6: 2013 | B6: ASP | C6: LN-1_2013 | D6: 1 % NaOH | E6: 0.075% ORS6-72 | F6: 1000 ppm SuperPusher
A7: 2003 | B7: ASP | C7: 1L_2003 | D7: % NaOH | E7: ORS 6-49 | F7: Flopaam 3630ST
A8: 2003 | B8: ASP | C8: 2L_2003 | D8: % Na2C03 | E8: 6 -72 | F8: Flopaam 3430ST
A9: 2003 | B9: SP | C9: 3L_2003 | D9: NA | E9: 6 -79 | F9: HE 300
A10: 2003 | B10: ASP | C10: 4L_2003 | D10: NA | E10: 6 -72 | F10: AN125
A11: 2003 | B11: S | C11: 1R_2003 | D11: NA | E11: 0.1% 6-79 | F11: NA
A12: 2003 | B12: AS | C12: 2R_2003 | D12: 0.05% NaOH | E12: 0.05% 6-72 | F12: NA
A13: 2003 | B13: SP | C13: 3R_2003 | D13: NA | E13: 0.15% 6-79 | F13: 0.05% HE300
... A20: 2003 | B20: AS | C20: 10R_2003 | D20: 1 % NaOH | E20: 0.075% 6-72 | F20: NA

Sheet map
A1: Number | B1: Field | C1: Types of EOR | D1: Year | E1: Type of Study | F1: LATITUDE | G1: LONGITUDE
A2: 1 | B2: Angsi | C2: CEOR ASP | D2: 2003 | E2: R&D /Lab Reports | F2: 5.18444 | G2: 104.72278
A3: 2 | B3: Angsi | C3: CEOR AS | D3: 2007 | E3: Pilot Field Application | F3: 5.18444 | G3: 104.72278
A4: 3 | B4: Angsi | C4: CEOR AS | D4: 2011 | E4: FDP Study | F4: 5.18444 | G4: 104.72278
A5: 4 | B5: Angsi | C5: CEOR ASP | D5: 2013 | E5: R&D /Lab Reports | F5: 5.18444 | G5: 104.72278
A6: 5 | B6: Angsi | C6: CEOR ASP | D6: 2014 | E6: FDP Study | F6: 5.18444 | G6: 104.72278
A7: 6 | B7: Angsi | C7: CEOR ASP | D7: 2018 | E7: SITOS Report | F7: 5.18444 | G7: 104.72278
A8: 7 | B8: Angsi | C8: CEOR Polymer | D8: 2025 | E8: Presentation Pack | F8: 5.18444 | G8: 104.72278
A9: 8 | B9: Dulang | C9: WAG | D9: 2005 | E9: R&D Report | F9: 5.84364 | G9: 104.136
A10: 9 | B10: Dulang | C10: WAG | D10: 2014 | E10: R&D /Lab Reports | F10: 5.84364 | G10: 104.136
A11: 10 | B11: Dulang | C11: MEOR | D11: 2004 | E11: R&D Report | F11: 5.84364 | G11: 104.136
A12: 11 | B12: Dulang | C12: EWAG | D12: 2005 | E12: SITOS Report | F12: 5.84364 | G12: 104.136
A13: 12 | B13: Dulang | C13: CEOR S-Foam | D13: 2014 | E13: R&D Report | F13: 5.84364 | G13: 104.136
... A20: 19 | B20: Baronia | C20: CEOR S-Foam | D20: 2018 | E20: R&D /Lab Reports | F20: 4.7395 | G20: 113.7406
A21: 20 | B21: Betty | C21: WAG | D21: 2013 | E21: R&D Report | F21: 4.60881 | G21: 113.64317
A22: 21 | B22: Bokor | C22: MEOR | D22: 1998 | E22: R&D Report | F22: 4.55 | G22: 113.624
A23: 22 | B23: Bokor | C23: MEOR | D23: 2000 | E23: R&D /Lab Reports | F23: 4.55 | G23: 113.624
A24: 23 | B24: Bokor | C24: WAG | D24: 2012 | E24: R&D /Lab Reports | F24: 4.55 | G24: 113.624
A25: 24 | B25: Bokor | C25: EWAG | D25: 2015 | E25: R&D Report | F25: 4.55 | G25: 113.624
A26: 25 | B26: Guntong | C26: WAG | D26: 2014 | E26: R&D Report | F26: 5.643 | G26: 105.044
A27: 26 | B27: Guntong | C27: EWAG | D27: 2014 | E27: R&D Report | F27: 5.643 | G27: 105.044
A28: 27 | B28: Samarang | C28: GASWAG | D28: 2012 | E28: R&D Report | F28: 5.618 | G28: 114.89
A29: 28 | B29: Samarang | C29: EWAG | D29: 2014 | E29: R&D Report | F29: 5.618 | G29: 114.89
A30: 29 | B30: South Furious 30 | C30: CEOR ASP | D30: 2016 | E30: R&D Report | F30: 6.78055 | G30: 116.20833
A31: 30 | B31: Barton | C31: CEOR ASP | D31: 2016 | E31: R&D Report | F31: 6.83333 | G31: 116.33333
A32: 31 | B32: South Furious 30 | C32: CEOR ASP | D32: 2017 | E32: R&D Report | F32: 6.78055 | G32: 116.20833
A33: 32 | B33: St Joseph | C33: CEOR ASP | D33: 2014 | E33: R&D /Lab Reports | F33: 6.63333 | G33: 116.1375
... A39: 38 | B39: West Lutong | C39: EWAG | D39: 2014 | E39: R&D Report | F39: 4.4825 | G39: 113.9961

Sheet Adsorption
A1: Sample No | B1: Year | C1: Field | D1: Surfactant | E1: Days | F1: Adsorption c/cO
A2: 1 | B2: 2003 | C2: Angsi | D2: SS-7064_( no alkali)_2003 | E2: -1 | F2: 1
A3: 1 | B3: 2003 | C3: Angsi | D3: SS-7064_( no alkali)_2003 | E3: 0 | F3: 0.19
A4: 1 | B4: 2003 | C4: Angsi | D4: SS-7064_( no alkali)_2003 | E4: 1 | F4: 0.19
A5: 1 | B5: 2003 | C5: Angsi | D5: SS-7064_( no alkali)_2003 | E5: 5 | F5: 0.18
A6: 1 | B6: 2003 | C6: Angsi | D6: SS-7064_( no alkali)_2003 | E6: 8 | F6: 0.17
A7: 1 | B7: 2003 | C7: Angsi | D7: SS-7064_( no alkali)_2003 | E7: 11 | F7: 0.16
A8: 1 | B8: 2003 | C8: Angsi | D8: SS-7064_( no alkali)_2003 | E8: 19 | F8: 0.15
A9: 2 | B9: 2003 | C9: Angsi | D9: Alcoflood 1235_(no alkali)_2003 | E9: -1 | F9: 1
A10: 2 | B10: 2003 | C10: Angsi | D10: Alcoflood 1235_(no alkali)_2003 | E10: 0 | F10: 0.9
A11: 2 | B11: 2003 | C11: Angsi | D11: Alcoflood 1235_(no alkali)_2003 | E11: 1 | F11: 0.8
A12: 2 | B12: 2003 | C12: Angsi | D12: Alcoflood 1235_(no alkali)_2003 | E12: 5 | F12: 0.58
A13: 2 | B13: 2003 | C13: Angsi | D13: Alcoflood 1235_(no alkali)_2003 | E13: 8 | F13: 0.38
... A33: 7 | B33: 2013 | C33: Angsi | D33: Formulation 43 (0.5 %M2 surfactant + S3B cosurfactant + 3.5 % NaCl)_2003 | E33: 14 | F33: 0.94

Sheet UserGuide
A1: EOR Screening Tool – User Guide
A3: 1. Fill in InputData column B. Dropdowns are provided for categorical criteria.
A4: 2. WAG-specific inputs are rows 33–38: water/gas facilities, WAG ratio, injectivity, and gravity override risk.
A5: 3. Screening sheet lists pass/fail, reasons, score, suitability, ΔRF, final RF, and EUR.
A6: 4. RF_EUR_Ranges shows P90/P50/P10 scenario ranges. Factors can be changed in ScenarioControls.
A7: 5. Criteria and References_2026 sheets provide traceability for thresholds and 2026 updates.
A8: 6. P10/P50/P90 values are screening-level estimates, not full probabilistic simulation outputs.
A9: 7. WAG was added as two separate methods: Miscible CO2 WAG and Immiscible Gas WAG.
A11: 7. CO2 vs HC gas and GOR logic:
A12: - CO2 and HC gas are now screened separately because MMP, source availability, corrosion/CCUS, and recycling logic differ.
A13: - Produced GOR is optional. If you do not have a numeric GOR, use Produced GOR Category instead.
A14: - If external HC gas is unavailable but Produced GOR is Moderate/High and Produced Gas Reinjectable = Yes, HC gas flood/WAG is treated as CONDITIONAL rather than automatic FAIL.
A15: - The numeric GOR helper uses screening defaults: >=1000 scf/STB = High, 300–999 = Moderate, <300 = Low. These are editable assumptions for early screening only.

Sheet InputData
A1: EOR Screening Tool 2026 – Input Data + Live Summary
A3: Parameter | B3: Value | C3: Unit / Notes | E3: Screening Summary (Live)
A4: Depth | C4: ft; True vertical depth of reservoir | E4: EOR Type | F4: Status | G4: Suitability | H4: Score (%) | I4: ΔRF_EOR (%) | J4: EUR P50 (MMstb)
A5: Reservoir Pressure | C5: psia | E5: =Screening!A2 -> CO2 Miscible Flood | F5: =Screening!E2 -> FAIL (critical) | G5: =Screening!F2 -> Not suitable | H5: =Screening!D2 -> 0 | I5: =Screening!G2 | J5: =RF_EUR_Ranges!I2
A6: Temperature | C6: °C | E6: =Screening!A3 -> CO2 WAG | F6: =Screening!E3 -> FAIL (critical) | G6: =Screening!F3 -> Not suitable | H6: =Screening!D3 -> 0 | I6: =Screening!G3 | J6: =RF_EUR_Ranges!I3
A7: Oil Viscosity | C7: cP | E7: =Screening!A4 -> HC Gas Miscible Flood | F7: =Screening!E4 -> FAIL (critical) | G7: =Screening!F4 -> Not suitable | H7: =Screening!D4 -> 0 | I7: =Screening!G4 | J7: =RF_EUR_Ranges!I4
A8: API Gravity | C8: °API | E8: =Screening!A5 -> HC Gas WAG | F8: =Screening!E5 -> FAIL (critical) | G8: =Screening!F5 -> Not suitable | H8: =Screening!D5 -> 0 | I8: =Screening!G5 | J8: =RF_EUR_Ranges!I5
A9: Permeability | C9: mD | E9: =Screening!A6 -> Immiscible Gas Flood | F9: =Screening!E6 -> FAIL (critical) | G9: =Screening!F6 -> Not suitable | H9: =Screening!D6 -> 0 | I9: =Screening!G6 | J9: =RF_EUR_Ranges!I6
A10: Porosity | C10: fraction; e.g. 0.25 | E10: =Screening!A7 -> Immiscible Gas WAG | F10: =Screening!E7 -> FAIL (critical) | G10: =Screening!F7 -> Not suitable | H10: =Screening!D7 -> 0 | I10: =Screening!G7 | J10: =RF_EUR_Ranges!I7
A11: Salinity (TDS) | C11: ppm | E11: =Screening!A8 -> Polymer (HPAM) | F11: =Screening!E8 -> FAIL (critical) | G11: =Screening!F8 -> Not suitable | H11: =Screening!D8 -> 0 | I11: =Screening!G8 | J11: =RF_EUR_Ranges!I8
A12: Hardness (Ca²⁺+Mg²⁺) | C12: ppm | E12: =Screening!A9 -> Polymer (ATBS) | F12: =Screening!E9 -> FAIL (critical) | G12: =Screening!F9 -> Not suitable | H12: =Screening!D9 -> 0 | I12: =Screening!G9 | J12: =RF_EUR_Ranges!I9
A13: Rock Type | C13: Sandstone / Carbonate | E13: =Screening!A10 -> SP | F13: =Screening!E10 -> FAIL (critical) | G13: =Screening!F10 -> Not suitable | H13: =Screening!D10 -> 0 | I13: =Screening!G10 | J13: =RF_EUR_Ranges!I10
A14: Net Pay | C14: m | E14: =Screening!A11 -> ASP | F14: =Screening!E11 -> FAIL (critical) | G14: =Screening!F11 -> Not suitable | H14: =Screening!D11 -> 0 | I14: =Screening!G11 | J14: =RF_EUR_Ranges!I11
A15: Heterogeneity | C15: Low / Moderate / High | E15: =Screening!A12 -> CSS | F15: =Screening!E12 -> FAIL (critical) | G15: =Screening!F12 -> Not suitable | H15: =Screening!D12 -> 0 | I15: =Screening!G12 | J15: =RF_EUR_Ranges!I12
A16: Gas Availability | C16: Yes / No; gas source for immiscible gas/WAG | E16: =Screening!A13 -> Steam Flood | F16: =Screening!E13 -> FAIL (critical) | G16: =Screening!F13 -> Not suitable | H16: =Screening!D13 -> 0 | I16: =Screening!G13 | J16: =RF_EUR_Ranges!I13
A17: Oxygen Present in Polymer System | C17: Yes / No | E17: =Screening!A14 -> ISC | F17: =Screening!E14 -> FAIL (critical) | G17: =Screening!F14 -> Not suitable | H17: =Screening!D14 -> 0 | I17: =Screening!G14 | J17: =RF_EUR_Ranges!I14
A18: OOIP | C18: MMstb; Original Oil In Place
A19: Base RF (without EOR) | C19: %; Current/expected RF before EOR | E19: Top Recommended EOR | F19: =Summary!B3 -> CO2 Miscible Flood
E20: Top Status | F20: =Summary!B5 -> FAIL (critical)
A21: Drive Mechanism | C21: Solution Gas / Water Drive / Gas Cap / Combination / Fractured / Others | E21: Top Suitability | F21: =Summary!B6 -> Not suitable
A22: Drive Mech Multiplier | C22: Calculated multiplier for ΔRF | E22: Top P50 EUR (MMstb) | F22: =Summary!B31
A23: CO2 Availability | C23: Yes / No; dedicated for miscible CO2/WAG screening
A24: MMP Satisfied? | C24: Yes / No; reservoir pressure at/above MMP
A25: Waterflood History | C25: Yes / No; successful waterflooding indicates residual oil/contact
A26: Water Cut | C26: %
A27: Field Maturity | C27: Early / Mid / Late
A28: Maturity Factor | C28: Calculated multiplier for ΔRF
A29: Mobility Ratio | C29: Favorable / Neutral / Unfavorable
A30: Surfactant Adsorption Risk | C30: Low / Medium / High
A31: Produced Water Handling Complexity | C31: Low / Medium / High
A32: Offshore Field? | C32: Yes / No
A33: Water Injection Facilities | C33: Yes / No; required for WAG
A34: Gas Injection Facilities | C34: Yes / No; required for WAG
... A44: GOR Category from Numeric | C44: Calculated helper from numeric GOR: >=1000 High, 300–999 Moderate, <300 Low

Sheet Screening
A1: EOR Type | B1: Critical Fail? | C1: Cause of Fail/Pass | D1: Score (%) | E1: Status | F1: Suitability | G1: ΔRF_EOR (%) | H1: Final RF (%) | I1: EUR (MMstb)
A2: CO2 Miscible Flood | B2: =OR(InputData!$B$8<25,InputData!$B$7>10,InputData!$B$4<2500,NOT(OR(InputData!$B$23="Yes",InputData!$B$23="YES",InputData!$B$23="yes")),NOT(OR(InputData!$B$24="Yes",InputData!$B$24="YES",InputData!$B$24="yes"))) -> TRUE | C2: =IF(InputData!$B$8<25,"API < 25°, ","")&IF(InputData!$B$7>10,"Viscosity > 10 cP, ","")&IF(InputData!$B$4<2500,"Depth < 2500 ft, ","")&IF(NOT(OR(InputData!$B$23="Yes",InputData!$B$23="YES",InputData!$B$23="yes")),"CO2 unavailable, ","")&IF(NOT(OR(InputData!$B$24="Yes",InputData!$B$24="YES",InputData!$B$24="yes")),"MMP not satisfied, ","") -> API < 25°, Depth < 2500 ft, CO2 unavailable, MMP not satisfied, | D2: =IF(B2,0,(IF(InputData!$B$8>=25,1,0)+IF(InputData!$B$7<=10,1,0)+IF(InputData!$B$4>=2500,1,0)+IF(OR(InputData!$B$23="Yes",InputData!$B$23="YES",InputData!$B$23="yes"),1,0)+IF(OR(InputData!$B$24="Yes",InputData!$B$24="YES",InputData!$B$24="yes"),1,0)+IF(OR(InputData!$B$25="Yes",InputData!$B$25="YES",InputData!$B$25="yes"),1,0)+IF(OR(InputData!$B$29="Favorable",InputData!$B$29="Neutral"),1,0))/7*100) -> 0 | E2: =IF(B2,"FAIL (critical)",IF(ISNUMBER(SEARCH("Conditional",C2)),"CONDITIONAL","PASS")) -> FAIL (critical) | F2: =IF(E2="FAIL (critical)","Not suitable",IF(E2="CONDITIONAL",IF(D2>=50,"Potentially suitable","Marginal"),IF(D2>=80,"Highly suitable",IF(D2>=50,"Potentially suitable","Marginal")))) -> Not suitable | G2: =IF(E2="FAIL (critical)","",D2/100*15*InputData!$B$22*InputData!$B$28) | H2: =IF(G2="","",InputData!$B$19+G2) | I2: =IF(H2="","",InputData!$B$18*H2/100)
A3: CO2 WAG | B3: =OR(InputData!$B$8<25,InputData!$B$7>10,NOT(OR(InputData!$B$23="Yes",InputData!$B$23="YES",InputData!$B$23="yes")),NOT(OR(InputData!$B$24="Yes",InputData!$B$24="YES",InputData!$B$24="yes")),NOT(OR(InputData!$B$33="Yes",InputData!$B$33="YES",InputData!$B$33="yes")),NOT(OR(InputData!$B$34="Yes",InputData!$B$34="YES",InputData!$B$34="yes"))) -> TRUE | C3: =IF(InputData!$B$8<25,"API < 25°, ","")&IF(InputData!$B$7>10,"Viscosity > 10 cP, ","")&IF(NOT(OR(InputData!$B$23="Yes",InputData!$B$23="YES",InputData!$B$23="yes")),"CO2 unavailable, ","")&IF(NOT(OR(InputData!$B$24="Yes",InputData!$B$24="YES",InputData!$B$24="yes")),"MMP not satisfied, ","")&IF(NOT(OR(InputData!$B$33="Yes",InputData!$B$33="YES",InputData!$B$33="yes")),"Water injection facilities unavailable, ","")&IF(NOT(OR(InputData!$B$34="Yes",InputData!$B$34="YES",InputData!$B$34="yes")),"Gas injection facilities unavailable, ","")&IF(InputData!$B$38="High","Conditional: gravity override risk high, ","") -> API < 25°, CO2 unavailable, MMP not satisfied, Water injection facilities unavailable, Gas injection facilities unavailable, | D3: =IF(B3,0,(IF(InputData!$B$8>=25,1,0)+IF(InputData!$B$7<=10,1,0)+IF(OR(InputData!$B$23="Yes",InputData!$B$23="YES",InputData!$B$23="yes"),1,0)+IF(OR(InputData!$B$24="Yes",InputData!$B$24="YES",InputData!$B$24="yes"),1,0)+IF(OR(InputData!$B$33="Yes",InputData!$B$33="YES",InputData!$B$33="yes"),1,0)+IF(OR(InputData!$B$34="Yes",InputData!$B$34="YES",InputData!$B$34="yes"),1,0)+IF(OR(InputData!$B$25="Yes",InputData!$B$25="YES",InputData!$B$25="yes"),1,0)+IF(OR(InputData!$B$36="Good",InputData!$B$36="Fair"),1,0)+IF(OR(InputData!$B$37="Good",InputData!$B$37="Fair"),1,0)+IF(OR(InputData!$B$38="Low",InputData!$B$38="Medium"),1,0))/10*100) -> 0 | E3: =IF(B3,"FAIL (critical)",IF(ISNUMBER(SEARCH("Conditional",C3)),"CONDITIONAL","PASS")) -> FAIL (critical) | F3: =IF(E3="FAIL (critical)","Not suitable",IF(E3="CONDITIONAL",IF(D3>=50,"Potentially suitable","Marginal"),IF(D3>=80,"Highly suitable",IF(D3>=50,"Potentially suitable","Marginal")))) -> Not suitable | G3: =IF(E3="FAIL (critical)","",D3/100*18*InputData!$B$22*InputData!$B$28) | H3: =IF(G3="","",InputData!$B$19+G3) | I3: =IF(H3="","",InputData!$B$18*H3/100)
A4: HC Gas Miscible Flood | B4: =OR(InputData!$B$8<25,InputData!$B$7>10,InputData!$B$4<2500,NOT(OR(InputData!$B$24="Yes",InputData!$B$24="YES",InputData!$B$24="yes")),NOT(OR(InputData!$B$42="Available/Conditional",InputData!$B$42="Available",InputData!$B$39="Yes",InputData!$B$39="YES",InputData!$B$39="yes"))) -> TRUE | C4: =IF(InputData!$B$8<25,"API < 25°, ","")&IF(InputData!$B$7>10,"Viscosity > 10 cP, ","")&IF(InputData!$B$4<2500,"Depth < 2500 ft, ","")&IF(NOT(OR(InputData!$B$24="Yes",InputData!$B$24="YES",InputData!$B$24="yes")),"MMP not satisfied, ","")&IF(NOT(OR(InputData!$B$42="Available/Conditional",InputData!$B$42="Available",InputData!$B$39="Yes",InputData!$B$39="YES",InputData!$B$39="yes")),"HC gas source unavailable, ","")&IF(AND(NOT(OR(InputData!$B$39="Yes",InputData!$B$39="YES",InputData!$B$39="yes")),OR(InputData!$B$40="High",InputData!$B$40="Moderate",InputData!$B$44="High",InputData!$B$44="Moderate"),OR(InputData!$B$41="Yes",InputData!$B$41="YES",InputData!$B$41="yes")),"Conditional: produced GOR supports HC gas reinjection/recycling, ","") -> API < 25°, Depth < 2500 ft, MMP not satisfied, HC gas source unavailable, | D4: =IF(B4,0,(IF(InputData!$B$8>=25,1,0)+IF(InputData!$B$7<=10,1,0)+IF(InputData!$B$4>=2500,1,0)+IF(OR(InputData!$B$24="Yes",InputData!$B$24="YES",InputData!$B$24="yes"),1,0)+IF(OR(InputData!$B$42="Available/Conditional",InputData!$B$42="Available",InputData!$B$39="Yes",InputData!$B$39="YES",InputData!$B$39="yes"),1,0)+IF(OR(InputData!$B$25="Yes",InputData!$B$25="YES",InputData!$B$25="yes"),1,0)+IF(OR(InputData!$B$29="Favorable",InputData!$B$29="Neutral"),1,0)+IF(OR(InputData!$B$40="High",InputData!$B$44="High"),1,IF(OR(InputData!$B$40="Moderate",InputData!$B$44="Moderate"),0.5,0)))/8*100) -> 0 | E4: =IF(B4,"FAIL (critical)",IF(ISNUMBER(SEARCH("Conditional",C4)),"CONDITIONAL","PASS")) -> FAIL (critical) | F4: =IF(E4="FAIL (critical)","Not suitable",IF(E4="CONDITIONAL",IF(D4>=50,"Potentially suitable","Marginal"),IF(D4>=80,"Highly suitable",IF(D4>=50,"Potentially suitable","Marginal")))) -> Not suitable | G4: =IF(E4="FAIL (critical)","",D4/100*14*InputData!$B$22*InputData!$B$28) | H4: =IF(G4="","",InputData!$B$19+G4) | I4: =IF(H4="","",InputData!$B$18*H4/100)
A5: HC Gas WAG | B5: =OR(InputData!$B$8<25,InputData!$B$7>10,NOT(OR(InputData!$B$24="Yes",InputData!$B$24="YES",InputData!$B$24="yes")),NOT(OR(InputData!$B$42="Available/Conditional",InputData!$B$42="Available",InputData!$B$39="Yes",InputData!$B$39="YES",InputData!$B$39="yes")),NOT(OR(InputData!$B$33="Yes",InputData!$B$33="YES",InputData!$B$33="yes")),NOT(OR(InputData!$B$34="Yes",InputData!$B$34="YES",InputData!$B$34="yes"))) -> TRUE | C5: =IF(InputData!$B$8<25,"API < 25°, ","")&IF(InputData!$B$7>10,"Viscosity > 10 cP, ","")&IF(NOT(OR(InputData!$B$24="Yes",InputData!$B$24="YES",InputData!$B$24="yes")),"MMP not satisfied, ","")&IF(NOT(OR(InputData!$B$42="Available/Conditional",InputData!$B$42="Available",InputData!$B$39="Yes",InputData!$B$39="YES",InputData!$B$39="yes")),"HC gas source unavailable, ","")&IF(NOT(OR(InputData!$B$33="Yes",InputData!$B$33="YES",InputData!$B$33="yes")),"Water injection facilities unavailable, ","")&IF(NOT(OR(InputData!$B$34="Yes",InputData!$B$34="YES",InputData!$B$34="yes")),"Gas injection facilities unavailable, ","")&IF(AND(NOT(OR(InputData!$B$39="Yes",InputData!$B$39="YES",InputData!$B$39="yes")),OR(InputData!$B$40="High",InputData!$B$40="Moderate",InputData!$B$44="High",InputData!$B$44="Moderate"),OR(InputData!$B$41="Yes",InputData!$B$41="YES",InputData!$B$41="yes")),"Conditional: produced GOR supports HC gas reinjection/recycling, ","")&IF(InputData!$B$38="High","Conditional: gravity override risk high, ","") -> API < 25°, MMP not satisfied, HC gas source unavailable, Water injection facilities unavailable, Gas injection facilities unavailable, | D5: =IF(B5,0,(IF(InputData!$B$8>=25,1,0)+IF(InputData!$B$7<=10,1,0)+IF(OR(InputData!$B$24="Yes",InputData!$B$24="YES",InputData!$B$24="yes"),1,0)+IF(OR(InputData!$B$42="Available/Conditional",InputData!$B$42="Available",InputData!$B$39="Yes",InputData!$B$39="YES",InputData!$B$39="yes"),1,0)+IF(OR(InputData!$B$33="Yes",InputData!$B$33="YES",InputData!$B$33="yes"),1,0)+IF(OR(InputData!$B$34="Yes",InputData!$B$34="YES",InputData!$B$34="yes"),1,0)+IF(OR(InputData!$B$25="Yes",InputData!$B$25="YES",InputData!$B$25="yes"),1,0)+IF(OR(InputData!$B$36="Good",InputData!$B$36="Fair"),1,0)+IF(OR(InputData!$B$37="Good",InputData!$B$37="Fair"),1,0)+IF(OR(InputData!$B$38="Low",InputData!$B$38="Medium"),1,0)+IF(OR(InputData!$B$40="High",InputData!$B$44="High"),1,IF(OR(InputData!$B$40="Moderate",InputData!$B$44="Moderate"),0.5,0)))/11*100) -> 0 | E5: =IF(B5,"FAIL (critical)",IF(ISNUMBER(SEARCH("Conditional",C5)),"CONDITIONAL","PASS")) -> FAIL (critical) | F5: =IF(E5="FAIL (critical)","Not suitable",IF(E5="CONDITIONAL",IF(D5>=50,"Potentially suitable","Marginal"),IF(D5>=80,"Highly suitable",IF(D5>=50,"Potentially suitable","Marginal")))) -> Not suitable | G5: =IF(E5="FAIL (critical)","",D5/100*17*InputData!$B$22*InputData!$B$28) | H5: =IF(G5="","",InputData!$B$19+G5) | I5: =IF(H5="","",InputData!$B$18*H5/100)
A6: Immiscible Gas Flood | B6: =OR(InputData!$B$8<15,InputData!$B$7>35,NOT(OR(OR(InputData!$B$16="Yes",InputData!$B$16="YES",InputData!$B$16="yes"),OR(InputData!$B$42="Available/Conditional",InputData!$B$42="Available",InputData!$B$39="Yes",InputData!$B$39="YES",InputData!$B$39="yes")))) -> TRUE | C6: =IF(InputData!$B$8<15,"API < 15°, ","")&IF(InputData!$B$7>35,"Viscosity > 35 cP, ","")&IF(NOT(OR(OR(InputData!$B$16="Yes",InputData!$B$16="YES",InputData!$B$16="yes"),OR(InputData!$B$42="Available/Conditional",InputData!$B$42="Available",InputData!$B$39="Yes",InputData!$B$39="YES",InputData!$B$39="yes"))),"Injection gas source unavailable, ","")&IF(AND(NOT(OR(InputData!$B$16="Yes",InputData!$B$16="YES",InputData!$B$16="yes")),AND(NOT(OR(InputData!$B$39="Yes",InputData!$B$39="YES",InputData!$B$39="yes")),OR(InputData!$B$40="High",InputData!$B$40="Moderate",InputData!$B$44="High",InputData!$B$44="Moderate"),OR(InputData!$B$41="Yes",InputData!$B$41="YES",InputData!$B$41="yes"))),"Conditional: produced GOR supports HC gas reinjection/recycling, ","") -> API < 15°, Injection gas source unavailable, | D6: =IF(B6,0,(IF(InputData!$B$8>=15,1,0)+IF(InputData!$B$7<=35,1,0)+IF(OR(OR(InputData!$B$16="Yes",InputData!$B$16="YES",InputData!$B$16="yes"),OR(InputData!$B$42="Available/Conditional",InputData!$B$42="Available",InputData!$B$39="Yes",InputData!$B$39="YES",InputData!$B$39="yes")),1,0)+IF(OR(InputData!$B$25="Yes",InputData!$B$25="YES",InputData!$B$25="yes"),1,0)+IF(OR(InputData!$B$29="Favorable",InputData!$B$29="Neutral"),1,0)+IF(OR(InputData!$B$40="High",InputData!$B$44="High"),1,IF(OR(InputData!$B$40="Moderate",InputData!$B$44="Moderate"),0.5,0)))/6*100) -> 0 | E6: =IF(B6,"FAIL (critical)",IF(ISNUMBER(SEARCH("Conditional",C6)),"CONDITIONAL","PASS")) -> FAIL (critical) | F6: =IF(E6="FAIL (critical)","Not suitable",IF(E6="CONDITIONAL",IF(D6>=50,"Potentially suitable","Marginal"),IF(D6>=80,"Highly suitable",IF(D6>=50,"Potentially suitable","Marginal")))) -> Not suitable | G6: =IF(E6="FAIL (critical)","",D6/100*8*InputData!$B$22*InputData!$B$28) | H6: =IF(G6="","",InputData!$B$19+G6) | I6: =IF(H6="","",InputData!$B$18*H6/100)
A7: Immiscible Gas WAG | B7: =OR(InputData!$B$8<15,InputData!$B$7>35,NOT(OR(OR(InputData!$B$16="Yes",InputData!$B$16="YES",InputData!$B$16="yes"),OR(InputData!$B$42="Available/Conditional",InputData!$B$42="Available",InputData!$B$39="Yes",InputData!$B$39="YES",InputData!$B$39="yes"))),NOT(OR(InputData!$B$33="Yes",InputData!$B$33="YES",InputData!$B$33="yes")),NOT(OR(InputData!$B$34="Yes",InputData!$B$34="YES",InputData!$B$34="yes"))) -> TRUE | C7: =IF(InputData!$B$8<15,"API < 15°, ","")&IF(InputData!$B$7>35,"Viscosity > 35 cP, ","")&IF(NOT(OR(OR(InputData!$B$16="Yes",InputData!$B$16="YES",InputData!$B$16="yes"),OR(InputData!$B$42="Available/Conditional",InputData!$B$42="Available",InputData!$B$39="Yes",InputData!$B$39="YES",InputData!$B$39="yes"))),"Injection gas source unavailable, ","")&IF(NOT(OR(InputData!$B$33="Yes",InputData!$B$33="YES",InputData!$B$33="yes")),"Water injection facilities unavailable, ","")&IF(NOT(OR(InputData!$B$34="Yes",InputData!$B$34="YES",InputData!$B$34="yes")),"Gas injection facilities unavailable, ","")&IF(AND(NOT(OR(InputData!$B$16="Yes",InputData!$B$16="YES",InputData!$B$16="yes")),AND(NOT(OR(InputData!$B$39="Yes",InputData!$B$39="YES",InputData!$B$39="yes")),OR(InputData!$B$40="High",InputData!$B$40="Moderate",InputData!$B$44="High",InputData!$B$44="Moderate"),OR(InputData!$B$41="Yes",InputData!$B$41="YES",InputData!$B$41="yes"))),"Conditional: produced GOR supports HC gas reinjection/recycling, ","")&IF(InputData!$B$38="High","Conditional: gravity override risk high, ","") -> API < 15°, Injection gas source unavailable, Water injection facilities unavailable, Gas injection facilities unavailable, | D7: =IF(B7,0,(IF(InputData!$B$8>=15,1,0)+IF(InputData!$B$7<=35,1,0)+IF(OR(OR(InputData!$B$16="Yes",InputData!$B$16="YES",InputData!$B$16="yes"),OR(InputData!$B$42="Available/Conditional",InputData!$B$42="Available",InputData!$B$39="Yes",InputData!$B$39="YES",InputData!$B$39="yes")),1,0)+IF(OR(InputData!$B$33="Yes",InputData!$B$33="YES",InputData!$B$33="yes"),1,0)+IF(OR(InputData!$B$34="Yes",InputData!$B$34="YES",InputData!$B$34="yes"),1,0)+IF(OR(InputData!$B$25="Yes",InputData!$B$25="YES",InputData!$B$25="yes"),1,0)+IF(OR(InputData!$B$36="Good",InputData!$B$36="Fair"),1,0)+IF(OR(InputData!$B$37="Good",InputData!$B$37="Fair"),1,0)+IF(OR(InputData!$B$38="Low",InputData!$B$38="Medium"),1,0)+IF(OR(InputData!$B$40="High",InputData!$B$44="High"),1,IF(OR(InputData!$B$40="Moderate",InputData!$B$44="Moderate"),0.5,0)))/10*100) -> 0 | E7: =IF(B7,"FAIL (critical)",IF(ISNUMBER(SEARCH("Conditional",C7)),"CONDITIONAL","PASS")) -> FAIL (critical) | F7: =IF(E7="FAIL (critical)","Not suitable",IF(E7="CONDITIONAL",IF(D7>=50,"Potentially suitable","Marginal"),IF(D7>=80,"Highly suitable",IF(D7>=50,"Potentially suitable","Marginal")))) -> Not suitable | G7: =IF(E7="FAIL (critical)","",D7/100*12*InputData!$B$22*InputData!$B$28) | H7: =IF(G7="","",InputData!$B$19+G7) | I7: =IF(H7="","",InputData!$B$18*H7/100)
A8: Polymer (HPAM) | B8: =OR(InputData!$B$6>70,InputData!$B$11>70000,InputData!$B$12>500,InputData!$B$9<50,OR(InputData!$B$17="Yes",InputData!$B$17="YES",InputData!$B$17="yes")) -> TRUE | C8: =IF(InputData!$B$6>70,"Temperature > 70°C, ","")&IF(InputData!$B$11>70000,"TDS > 70,000 ppm, ","")&IF(InputData!$B$12>500,"Hardness > 500 ppm, ","")&IF(InputData!$B$9<50,"Permeability < 50 mD, ","")&IF(OR(InputData!$B$17="Yes",InputData!$B$17="YES",InputData!$B$17="yes"),"Oxygen control required, ","") -> Permeability < 50 mD, | D8: =IF(B8,0,(IF(InputData!$B$6<=70,1,0)+IF(InputData!$B$11<=70000,1,0)+IF(InputData!$B$12<=500,1,0)+IF(InputData!$B$9>=50,1,0)+IF(NOT(OR(InputData!$B$17="Yes",InputData!$B$17="YES",InputData!$B$17="yes")),1,0)+IF(InputData!$B$26>=50,1,0)+IF(OR(InputData!$B$29="Favorable",InputData!$B$29="Neutral"),1,0))/7*100) -> 0 | E8: =IF(B8,"FAIL (critical)",IF(ISNUMBER(SEARCH("Conditional",C8)),"CONDITIONAL","PASS")) -> FAIL (critical) | F8: =IF(E8="FAIL (critical)","Not suitable",IF(E8="CONDITIONAL",IF(D8>=50,"Potentially suitable","Marginal"),IF(D8>=80,"Highly suitable",IF(D8>=50,"Potentially suitable","Marginal")))) -> Not suitable | G8: =IF(E8="FAIL (critical)","",D8/100*10*InputData!$B$22*InputData!$B$28) | H8: =IF(G8="","",InputData!$B$19+G8) | I8: =IF(H8="","",InputData!$B$18*H8/100)
A9: Polymer (ATBS) | B9: =OR(InputData!$B$6>120,InputData!$B$11>250000,InputData!$B$12>5000,InputData!$B$9<30,OR(InputData!$B$17="Yes",InputData!$B$17="YES",InputData!$B$17="yes")) -> TRUE | C9: =IF(InputData!$B$6>120,"Temperature > 120°C, ","")&IF(InputData!$B$11>250000,"TDS > 250,000 ppm, ","")&IF(InputData!$B$12>5000,"Hardness > 5,000 ppm, ","")&IF(InputData!$B$9<30,"Permeability < 30 mD, ","")&IF(OR(InputData!$B$17="Yes",InputData!$B$17="YES",InputData!$B$17="yes"),"Oxygen control required, ","") -> Permeability < 30 mD, | D9: =IF(B9,0,(IF(InputData!$B$6<=120,1,0)+IF(InputData!$B$11<=250000,1,0)+IF(InputData!$B$12<=5000,1,0)+IF(InputData!$B$9>=30,1,0)+IF(NOT(OR(InputData!$B$17="Yes",InputData!$B$17="YES",InputData!$B$17="yes")),1,0)+IF(InputData!$B$26>=50,1,0)+IF(OR(InputData!$B$29="Favorable",InputData!$B$29="Neutral"),1,0))/7*100) -> 0 | E9: =IF(B9,"FAIL (critical)",IF(ISNUMBER(SEARCH("Conditional",C9)),"CONDITIONAL","PASS")) -> FAIL (critical) | F9: =IF(E9="FAIL (critical)","Not suitable",IF(E9="CONDITIONAL",IF(D9>=50,"Potentially suitable","Marginal"),IF(D9>=80,"Highly suitable",IF(D9>=50,"Potentially suitable","Marginal")))) -> Not suitable | G9: =IF(E9="FAIL (critical)","",D9/100*12*InputData!$B$22*InputData!$B$28) | H9: =IF(G9="","",InputData!$B$19+G9) | I9: =IF(H9="","",InputData!$B$18*H9/100)
A10: SP | B10: =OR(InputData!$B$8<20,InputData!$B$7>35,InputData!$B$6>100,InputData!$B$11>100000,InputData!$B$30="High",InputData!$B$31="High") -> TRUE | C10: =IF(InputData!$B$8<20,"API < 20°, ","")&IF(InputData!$B$7>35,"Viscosity > 35 cP, ","")&IF(InputData!$B$6>100,"Temperature > 100°C, ","")&IF(InputData!$B$11>100000,"TDS > 100,000 ppm, ","")&IF(InputData!$B$30="High","Adsorption risk high, ","")&IF(InputData!$B$31="High","Produced-water handling high, ","") -> API < 20°, | D10: =IF(B10,0,(IF(InputData!$B$8>=20,1,0)+IF(InputData!$B$7<=35,1,0)+IF(InputData!$B$6<=100,1,0)+IF(InputData!$B$11<=100000,1,0)+IF(OR(InputData!$B$30="Low",InputData!$B$30="Medium"),1,0)+IF(OR(InputData!$B$31="Low",InputData!$B$31="Medium"),1,0)+IF(OR(InputData!$B$13="Sandstone",InputData!$B$13="Carbonate"),1,0)+IF(InputData!$B$26>=50,1,0))/8*100) -> 0 | E10: =IF(B10,"FAIL (critical)",IF(ISNUMBER(SEARCH("Conditional",C10)),"CONDITIONAL","PASS")) -> FAIL (critical) | F10: =IF(E10="FAIL (critical)","Not suitable",IF(E10="CONDITIONAL",IF(D10>=50,"Potentially suitable","Marginal"),IF(D10>=80,"Highly suitable",IF(D10>=50,"Potentially suitable","Marginal")))) -> Not suitable | G10: =IF(E10="FAIL (critical)","",D10/100*15*InputData!$B$22*InputData!$B$28) | H10: =IF(G10="","",InputData!$B$19+G10) | I10: =IF(H10="","",InputData!$B$18*H10/100)
A11: ASP | B11: =OR(InputData!$B$8<22,InputData!$B$7>30,InputData!$B$6>90,InputData!$B$11>10000,InputData!$B$12>50,NOT(OR(InputData!$B$13="Sandstone",InputData!$B$13="sandstone"))) -> TRUE | C11: =IF(InputData!$B$8<22,"API < 22°, ","")&IF(InputData!$B$7>30,"Viscosity > 30 cP, ","")&IF(InputData!$B$6>90,"Temperature > 90°C, ","")&IF(InputData!$B$11>10000,"TDS > 10,000 ppm, ","")&IF(InputData!$B$12>50,"Hardness > 50 ppm, ","")&IF(NOT(OR(InputData!$B$13="Sandstone",InputData!$B$13="sandstone")),"Requires sandstone, ","") -> API < 22°, Requires sandstone, | D11: =IF(B11,0,(IF(InputData!$B$8>=22,1,0)+IF(InputData!$B$7<=30,1,0)+IF(InputData!$B$6<=90,1,0)+IF(InputData!$B$11<=10000,1,0)+IF(InputData!$B$12<=50,1,0)+IF(OR(InputData!$B$13="Sandstone",InputData!$B$13="sandstone"),1,0)+IF(OR(InputData!$B$31="Low",InputData!$B$31="Medium"),1,0)+IF(InputData!$B$26>=50,1,0))/8*100) -> 0 | E11: =IF(B11,"FAIL (critical)",IF(ISNUMBER(SEARCH("Conditional",C11)),"CONDITIONAL","PASS")) -> FAIL (critical) | F11: =IF(E11="FAIL (critical)","Not suitable",IF(E11="CONDITIONAL",IF(D11>=50,"Potentially suitable","Marginal"),IF(D11>=80,"Highly suitable",IF(D11>=50,"Potentially suitable","Marginal")))) -> Not suitable | G11: =IF(E11="FAIL (critical)","",D11/100*20*InputData!$B$22*InputData!$B$28) | H11: =IF(G11="","",InputData!$B$19+G11) | I11: =IF(H11="","",InputData!$B$18*H11/100)
A12: CSS | B12: =OR(InputData!$B$7<100,InputData!$B$4>3000,InputData!$B$9<500) -> TRUE | C12: =IF(InputData!$B$7<100,"Viscosity < 100 cP, ","")&IF(InputData!$B$4>3000,"Depth > 3000 ft, ","")&IF(InputData!$B$9<500,"Permeability < 500 mD, ","") -> Viscosity < 100 cP, Permeability < 500 mD, | D12: =IF(B12,0,(IF(InputData!$B$7>=100,1,0)+IF(InputData!$B$4<=3000,1,0)+IF(InputData!$B$9>=500,1,0)+IF(OR(InputData!$B$32="No",InputData!$B$32="NO",InputData!$B$32="no"),1,0))/4*100) -> 0 | E12: =IF(B12,"FAIL (critical)",IF(ISNUMBER(SEARCH("Conditional",C12)),"CONDITIONAL","PASS")) -> FAIL (critical) | F12: =IF(E12="FAIL (critical)","Not suitable",IF(E12="CONDITIONAL",IF(D12>=50,"Potentially suitable","Marginal"),IF(D12>=80,"Highly suitable",IF(D12>=50,"Potentially suitable","Marginal")))) -> Not suitable | G12: =IF(E12="FAIL (critical)","",D12/100*15*InputData!$B$22*InputData!$B$28) | H12: =IF(G12="","",InputData!$B$19+G12) | I12: =IF(H12="","",InputData!$B$18*H12/100)
A13: Steam Flood | B13: =OR(InputData!$B$7<100,InputData!$B$4>3000,InputData!$B$9<1000) -> TRUE | C13: =IF(InputData!$B$7<100,"Viscosity < 100 cP, ","")&IF(InputData!$B$4>3000,"Depth > 3000 ft, ","")&IF(InputData!$B$9<1000,"Permeability < 1000 mD, ","") -> Viscosity < 100 cP, Permeability < 1000 mD, | D13: =IF(B13,0,(IF(InputData!$B$7>=100,1,0)+IF(InputData!$B$4<=3000,1,0)+IF(InputData!$B$9>=1000,1,0)+IF(OR(InputData!$B$32="No",InputData!$B$32="NO",InputData!$B$32="no"),1,0))/4*100) -> 0 | E13: =IF(B13,"FAIL (critical)",IF(ISNUMBER(SEARCH("Conditional",C13)),"CONDITIONAL","PASS")) -> FAIL (critical) | F13: =IF(E13="FAIL (critical)","Not suitable",IF(E13="CONDITIONAL",IF(D13>=50,"Potentially suitable","Marginal"),IF(D13>=80,"Highly suitable",IF(D13>=50,"Potentially suitable","Marginal")))) -> Not suitable | G13: =IF(E13="FAIL (critical)","",D13/100*18*InputData!$B$22*InputData!$B$28) | H13: =IF(G13="","",InputData!$B$19+G13) | I13: =IF(H13="","",InputData!$B$18*H13/100)
A14: ISC | B14: =OR(InputData!$B$7<10,InputData!$B$7>200,InputData!$B$9<200) -> TRUE | C14: =IF(InputData!$B$7<10,"Viscosity < 10 cP, ","")&IF(InputData!$B$7>200,"Viscosity > 200 cP, ","")&IF(InputData!$B$9<200,"Permeability < 200 mD, ","") -> Viscosity < 10 cP, Permeability < 200 mD, | D14: =IF(B14,0,(IF(AND(InputData!$B$7>=10,InputData!$B$7<=200),1,0)+IF(InputData!$B$9>=200,1,0)+IF(OR(InputData!$B$32="No",InputData!$B$32="NO",InputData!$B$32="no"),1,0))/3*100) -> 0 | E14: =IF(B14,"FAIL (critical)",IF(ISNUMBER(SEARCH("Conditional",C14)),"CONDITIONAL","PASS")) -> FAIL (critical) | F14: =IF(E14="FAIL (critical)","Not suitable",IF(E14="CONDITIONAL",IF(D14>=50,"Potentially suitable","Marginal"),IF(D14>=80,"Highly suitable",IF(D14>=50,"Potentially suitable","Marginal")))) -> Not suitable | G14: =IF(E14="FAIL (critical)","",D14/100*10*InputData!$B$22*InputData!$B$28) | H14: =IF(G14="","",InputData!$B$19+G14) | I14: =IF(H14="","",InputData!$B$18*H14/100)

Sheet Ranking
A1: Rank | B1: EOR Type | C1: Score (%) | D1: Status | E1: Suitability
A2: 1 | B2: =INDEX(Screening!$A$2:$A$14,MATCH(C2,Screening!$D$2:$D$14,0)) -> CO2 Miscible Flood | C2: =LARGE(Screening!$D$2:$D$14,A2) -> 0 | D2: =INDEX(Screening!$E$2:$E$14,MATCH(B2,Screening!$A$2:$A$14,0)) -> FAIL (critical) | E2: =INDEX(Screening!$F$2:$F$14,MATCH(B2,Screening!$A$2:$A$14,0)) -> Not suitable
A3: 2 | B3: =INDEX(Screening!$A$2:$A$14,MATCH(C3,Screening!$D$2:$D$14,0)) -> CO2 Miscible Flood | C3: =LARGE(Screening!$D$2:$D$14,A3) -> 0 | D3: =INDEX(Screening!$E$2:$E$14,MATCH(B3,Screening!$A$2:$A$14,0)) -> FAIL (critical) | E3: =INDEX(Screening!$F$2:$F$14,MATCH(B3,Screening!$A$2:$A$14,0)) -> Not suitable
A4: 3 | B4: =INDEX(Screening!$A$2:$A$14,MATCH(C4,Screening!$D$2:$D$14,0)) -> CO2 Miscible Flood | C4: =LARGE(Screening!$D$2:$D$14,A4) -> 0 | D4: =INDEX(Screening!$E$2:$E$14,MATCH(B4,Screening!$A$2:$A$14,0)) -> FAIL (critical) | E4: =INDEX(Screening!$F$2:$F$14,MATCH(B4,Screening!$A$2:$A$14,0)) -> Not suitable
A5: 4 | B5: =INDEX(Screening!$A$2:$A$14,MATCH(C5,Screening!$D$2:$D$14,0)) -> CO2 Miscible Flood | C5: =LARGE(Screening!$D$2:$D$14,A5) -> 0 | D5: =INDEX(Screening!$E$2:$E$14,MATCH(B5,Screening!$A$2:$A$14,0)) -> FAIL (critical) | E5: =INDEX(Screening!$F$2:$F$14,MATCH(B5,Screening!$A$2:$A$14,0)) -> Not suitable
A6: 5 | B6: =INDEX(Screening!$A$2:$A$14,MATCH(C6,Screening!$D$2:$D$14,0)) -> CO2 Miscible Flood | C6: =LARGE(Screening!$D$2:$D$14,A6) -> 0 | D6: =INDEX(Screening!$E$2:$E$14,MATCH(B6,Screening!$A$2:$A$14,0)) -> FAIL (critical) | E6: =INDEX(Screening!$F$2:$F$14,MATCH(B6,Screening!$A$2:$A$14,0)) -> Not suitable
A7: 6 | B7: =INDEX(Screening!$A$2:$A$14,MATCH(C7,Screening!$D$2:$D$14,0)) -> CO2 Miscible Flood | C7: =LARGE(Screening!$D$2:$D$14,A7) -> 0 | D7: =INDEX(Screening!$E$2:$E$14,MATCH(B7,Screening!$A$2:$A$14,0)) -> FAIL (critical) | E7: =INDEX(Screening!$F$2:$F$14,MATCH(B7,Screening!$A$2:$A$14,0)) -> Not suitable
A8: 7 | B8: =INDEX(Screening!$A$2:$A$14,MATCH(C8,Screening!$D$2:$D$14,0)) -> CO2 Miscible Flood | C8: =LARGE(Screening!$D$2:$D$14,A8) -> 0 | D8: =INDEX(Screening!$E$2:$E$14,MATCH(B8,Screening!$A$2:$A$14,0)) -> FAIL (critical) | E8: =INDEX(Screening!$F$2:$F$14,MATCH(B8,Screening!$A$2:$A$14,0)) -> Not suitable
A9: 8 | B9: =INDEX(Screening!$A$2:$A$14,MATCH(C9,Screening!$D$2:$D$14,0)) -> CO2 Miscible Flood | C9: =LARGE(Screening!$D$2:$D$14,A9) -> 0 | D9: =INDEX(Screening!$E$2:$E$14,MATCH(B9,Screening!$A$2:$A$14,0)) -> FAIL (critical) | E9: =INDEX(Screening!$F$2:$F$14,MATCH(B9,Screening!$A$2:$A$14,0)) -> Not suitable
A10: 9 | B10: =INDEX(Screening!$A$2:$A$14,MATCH(C10,Screening!$D$2:$D$14,0)) -> CO2 Miscible Flood | C10: =LARGE(Screening!$D$2:$D$14,A10) -> 0 | D10: =INDEX(Screening!$E$2:$E$14,MATCH(B10,Screening!$A$2:$A$14,0)) -> FAIL (critical) | E10: =INDEX(Screening!$F$2:$F$14,MATCH(B10,Screening!$A$2:$A$14,0)) -> Not suitable
A11: 10 | B11: =INDEX(Screening!$A$2:$A$14,MATCH(C11,Screening!$D$2:$D$14,0)) -> CO2 Miscible Flood | C11: =LARGE(Screening!$D$2:$D$14,A11) -> 0 | D11: =INDEX(Screening!$E$2:$E$14,MATCH(B11,Screening!$A$2:$A$14,0)) -> FAIL (critical) | E11: =INDEX(Screening!$F$2:$F$14,MATCH(B11,Screening!$A$2:$A$14,0)) -> Not suitable
A12: 11 | B12: =INDEX(Screening!$A$2:$A$14,MATCH(C12,Screening!$D$2:$D$14,0)) -> CO2 Miscible Flood | C12: =LARGE(Screening!$D$2:$D$14,A12) -> 0 | D12: =INDEX(Screening!$E$2:$E$14,MATCH(B12,Screening!$A$2:$A$14,0)) -> FAIL (critical) | E12: =INDEX(Screening!$F$2:$F$14,MATCH(B12,Screening!$A$2:$A$14,0)) -> Not suitable
A13: 12 | B13: =INDEX(Screening!$A$2:$A$14,MATCH(C13,Screening!$D$2:$D$14,0)) -> CO2 Miscible Flood | C13: =LARGE(Screening!$D$2:$D$14,A13) -> 0 | D13: =INDEX(Screening!$E$2:$E$14,MATCH(B13,Screening!$A$2:$A$14,0)) -> FAIL (critical) | E13: =INDEX(Screening!$F$2:$F$14,MATCH(B13,Screening!$A$2:$A$14,0)) -> Not suitable
A14: 13 | B14: =INDEX(Screening!$A$2:$A$14,MATCH(C14,Screening!$D$2:$D$14,0)) -> CO2 Miscible Flood | C14: =LARGE(Screening!$D$2:$D$14,A14) -> 0 | D14: =INDEX(Screening!$E$2:$E$14,MATCH(B14,Screening!$A$2:$A$14,0)) -> FAIL (critical) | E14: =INDEX(Screening!$F$2:$F$14,MATCH(B14,Screening!$A$2:$A$14,0)) -> Not suitable

Sheet RF_EUR_Ranges
A1: EOR Type | B1: Status | C1: Suitability | D1: ΔRF P90 (%) | E1: Final RF P90 (%) | F1: EUR P90 (MMstb) | G1: ΔRF P50 (%) | H1: Final RF P50 (%) | I1: EUR P50 (MMstb) | J1: ΔRF P10 (%) | K1: Final RF P10 (%) | L1: EUR P10 (MMstb)
A2: =Screening!A2 -> CO2 Miscible Flood | B2: =Screening!E2 -> FAIL (critical) | C2: =Screening!F2 -> Not suitable | D2: =IF(Screening!G2="","",Screening!G2*ScenarioControls!$B$3) | E2: =IF(D2="","",InputData!$B$19+D2) | F2: =IF(E2="","",InputData!$B$18*E2/100) | G2: =IF(Screening!G2="","",Screening!G2*ScenarioControls!$B$4) | H2: =IF(G2="","",InputData!$B$19+G2) | I2: =IF(H2="","",InputData!$B$18*H2/100) | J2: =IF(Screening!G2="","",Screening!G2*ScenarioControls!$B$5) | K2: =IF(J2="","",InputData!$B$19+J2) | L2: =IF(K2="","",InputData!$B$18*K2/100)
A3: =Screening!A3 -> CO2 WAG | B3: =Screening!E3 -> FAIL (critical) | C3: =Screening!F3 -> Not suitable | D3: =IF(Screening!G3="","",Screening!G3*ScenarioControls!$B$3) | E3: =IF(D3="","",InputData!$B$19+D3) | F3: =IF(E3="","",InputData!$B$18*E3/100) | G3: =IF(Screening!G3="","",Screening!G3*ScenarioControls!$B$4) | H3: =IF(G3="","",InputData!$B$19+G3) | I3: =IF(H3="","",InputData!$B$18*H3/100) | J3: =IF(Screening!G3="","",Screening!G3*ScenarioControls!$B$5) | K3: =IF(J3="","",InputData!$B$19+J3) | L3: =IF(K3="","",InputData!$B$18*K3/100)
A4: =Screening!A4 -> HC Gas Miscible Flood | B4: =Screening!E4 -> FAIL (critical) | C4: =Screening!F4 -> Not suitable | D4: =IF(Screening!G4="","",Screening!G4*ScenarioControls!$B$3) | E4: =IF(D4="","",InputData!$B$19+D4) | F4: =IF(E4="","",InputData!$B$18*E4/100) | G4: =IF(Screening!G4="","",Screening!G4*ScenarioControls!$B$4) | H4: =IF(G4="","",InputData!$B$19+G4) | I4: =IF(H4="","",InputData!$B$18*H4/100) | J4: =IF(Screening!G4="","",Screening!G4*ScenarioControls!$B$5) | K4: =IF(J4="","",InputData!$B$19+J4) | L4: =IF(K4="","",InputData!$B$18*K4/100)
A5: =Screening!A5 -> HC Gas WAG | B5: =Screening!E5 -> FAIL (critical) | C5: =Screening!F5 -> Not suitable | D5: =IF(Screening!G5="","",Screening!G5*ScenarioControls!$B$3) | E5: =IF(D5="","",InputData!$B$19+D5) | F5: =IF(E5="","",InputData!$B$18*E5/100) | G5: =IF(Screening!G5="","",Screening!G5*ScenarioControls!$B$4) | H5: =IF(G5="","",InputData!$B$19+G5) | I5: =IF(H5="","",InputData!$B$18*H5/100) | J5: =IF(Screening!G5="","",Screening!G5*ScenarioControls!$B$5) | K5: =IF(J5="","",InputData!$B$19+J5) | L5: =IF(K5="","",InputData!$B$18*K5/100)
A6: =Screening!A6 -> Immiscible Gas Flood | B6: =Screening!E6 -> FAIL (critical) | C6: =Screening!F6 -> Not suitable | D6: =IF(Screening!G6="","",Screening!G6*ScenarioControls!$B$3) | E6: =IF(D6="","",InputData!$B$19+D6) | F6: =IF(E6="","",InputData!$B$18*E6/100) | G6: =IF(Screening!G6="","",Screening!G6*ScenarioControls!$B$4) | H6: =IF(G6="","",InputData!$B$19+G6) | I6: =IF(H6="","",InputData!$B$18*H6/100) | J6: =IF(Screening!G6="","",Screening!G6*ScenarioControls!$B$5) | K6: =IF(J6="","",InputData!$B$19+J6) | L6: =IF(K6="","",InputData!$B$18*K6/100)
A7: =Screening!A7 -> Immiscible Gas WAG | B7: =Screening!E7 -> FAIL (critical) | C7: =Screening!F7 -> Not suitable | D7: =IF(Screening!G7="","",Screening!G7*ScenarioControls!$B$3) | E7: =IF(D7="","",InputData!$B$19+D7) | F7: =IF(E7="","",InputData!$B$18*E7/100) | G7: =IF(Screening!G7="","",Screening!G7*ScenarioControls!$B$4) | H7: =IF(G7="","",InputData!$B$19+G7) | I7: =IF(H7="","",InputData!$B$18*H7/100) | J7: =IF(Screening!G7="","",Screening!G7*ScenarioControls!$B$5) | K7: =IF(J7="","",InputData!$B$19+J7) | L7: =IF(K7="","",InputData!$B$18*K7/100)
A8: =Screening!A8 -> Polymer (HPAM) | B8: =Screening!E8 -> FAIL (critical) | C8: =Screening!F8 -> Not suitable | D8: =IF(Screening!G8="","",Screening!G8*ScenarioControls!$B$3) | E8: =IF(D8="","",InputData!$B$19+D8) | F8: =IF(E8="","",InputData!$B$18*E8/100) | G8: =IF(Screening!G8="","",Screening!G8*ScenarioControls!$B$4) | H8: =IF(G8="","",InputData!$B$19+G8) | I8: =IF(H8="","",InputData!$B$18*H8/100) | J8: =IF(Screening!G8="","",Screening!G8*ScenarioControls!$B$5) | K8: =IF(J8="","",InputData!$B$19+J8) | L8: =IF(K8="","",InputData!$B$18*K8/100)
A9: =Screening!A9 -> Polymer (ATBS) | B9: =Screening!E9 -> FAIL (critical) | C9: =Screening!F9 -> Not suitable | D9: =IF(Screening!G9="","",Screening!G9*ScenarioControls!$B$3) | E9: =IF(D9="","",InputData!$B$19+D9) | F9: =IF(E9="","",InputData!$B$18*E9/100) | G9: =IF(Screening!G9="","",Screening!G9*ScenarioControls!$B$4) | H9: =IF(G9="","",InputData!$B$19+G9) | I9: =IF(H9="","",InputData!$B$18*H9/100) | J9: =IF(Screening!G9="","",Screening!G9*ScenarioControls!$B$5) | K9: =IF(J9="","",InputData!$B$19+J9) | L9: =IF(K9="","",InputData!$B$18*K9/100)
A10: =Screening!A10 -> SP | B10: =Screening!E10 -> FAIL (critical) | C10: =Screening!F10 -> Not suitable | D10: =IF(Screening!G10="","",Screening!G10*ScenarioControls!$B$3) | E10: =IF(D10="","",InputData!$B$19+D10) | F10: =IF(E10="","",InputData!$B$18*E10/100) | G10: =IF(Screening!G10="","",Screening!G10*ScenarioControls!$B$4) | H10: =IF(G10="","",InputData!$B$19+G10) | I10: =IF(H10="","",InputData!$B$18*H10/100) | J10: =IF(Screening!G10="","",Screening!G10*ScenarioControls!$B$5) | K10: =IF(J10="","",InputData!$B$19+J10) | L10: =IF(K10="","",InputData!$B$18*K10/100)
A11: =Screening!A11 -> ASP | B11: =Screening!E11 -> FAIL (critical) | C11: =Screening!F11 -> Not suitable | D11: =IF(Screening!G11="","",Screening!G11*ScenarioControls!$B$3) | E11: =IF(D11="","",InputData!$B$19+D11) | F11: =IF(E11="","",InputData!$B$18*E11/100) | G11: =IF(Screening!G11="","",Screening!G11*ScenarioControls!$B$4) | H11: =IF(G11="","",InputData!$B$19+G11) | I11: =IF(H11="","",InputData!$B$18*H11/100) | J11: =IF(Screening!G11="","",Screening!G11*ScenarioControls!$B$5) | K11: =IF(J11="","",InputData!$B$19+J11) | L11: =IF(K11="","",InputData!$B$18*K11/100)
A12: =Screening!A12 -> CSS | B12: =Screening!E12 -> FAIL (critical) | C12: =Screening!F12 -> Not suitable | D12: =IF(Screening!G12="","",Screening!G12*ScenarioControls!$B$3) | E12: =IF(D12="","",InputData!$B$19+D12) | F12: =IF(E12="","",InputData!$B$18*E12/100) | G12: =IF(Screening!G12="","",Screening!G12*ScenarioControls!$B$4) | H12: =IF(G12="","",InputData!$B$19+G12) | I12: =IF(H12="","",InputData!$B$18*H12/100) | J12: =IF(Screening!G12="","",Screening!G12*ScenarioControls!$B$5) | K12: =IF(J12="","",InputData!$B$19+J12) | L12: =IF(K12="","",InputData!$B$18*K12/100)
A13: =Screening!A13 -> Steam Flood | B13: =Screening!E13 -> FAIL (critical) | C13: =Screening!F13 -> Not suitable | D13: =IF(Screening!G13="","",Screening!G13*ScenarioControls!$B$3) | E13: =IF(D13="","",InputData!$B$19+D13) | F13: =IF(E13="","",InputData!$B$18*E13/100) | G13: =IF(Screening!G13="","",Screening!G13*ScenarioControls!$B$4) | H13: =IF(G13="","",InputData!$B$19+G13) | I13: =IF(H13="","",InputData!$B$18*H13/100) | J13: =IF(Screening!G13="","",Screening!G13*ScenarioControls!$B$5) | K13: =IF(J13="","",InputData!$B$19+J13) | L13: =IF(K13="","",InputData!$B$18*K13/100)
A14: =Screening!A14 -> ISC | B14: =Screening!E14 -> FAIL (critical) | C14: =Screening!F14 -> Not suitable | D14: =IF(Screening!G14="","",Screening!G14*ScenarioControls!$B$3) | E14: =IF(D14="","",InputData!$B$19+D14) | F14: =IF(E14="","",InputData!$B$18*E14/100) | G14: =IF(Screening!G14="","",Screening!G14*ScenarioControls!$B$4) | H14: =IF(G14="","",InputData!$B$19+G14) | I14: =IF(H14="","",InputData!$B$18*H14/100) | J14: =IF(Screening!G14="","",Screening!G14*ScenarioControls!$B$5) | K14: =IF(J14="","",InputData!$B$19+J14) | L14: =IF(K14="","",InputData!$B$18*K14/100)

Sheet Summary
A1: EOR Screening Summary
A3: Top Recommended EOR Method (by score) | B3: =Ranking!B2 -> CO2 Miscible Flood
A4: Score (%) | B4: =Ranking!C2 -> 0
A5: Status | B5: =Ranking!D2 -> FAIL (critical)
A6: Suitability | B6: =Ranking!E2 -> Not suitable
A8: Main Technical References
A9: R1 Taber et al. 1997 – EOR Screening Criteria Revisited
A10: R2 Arvis & Min 2025 – Updated screening criteria for EOR methods
A11: R3/R4 Recent CO2 and CO2-WAG screening, MMP, and waterflood-history work
A12: R5/R6/R7 Polymer and SP updates for HTHS/offshore/carbonate contexts
A14: Recovery Factor & EUR Logic
A15: ΔRF_EOR = Score × Max Incremental RF × Drive Mechanism Multiplier × Field Maturity Factor
A16: P10/P50/P90 ranges scale incremental RF only, not base RF.
A18: Top Option Scenario Range
A19: P90 Final RF (%) | B19: =INDEX(RF_EUR_Ranges!$E$2:$E$12,MATCH(B3,RF_EUR_Ranges!$A$2:$A$12,0))
A20: P50 Final RF (%) | B20: =INDEX(RF_EUR_Ranges!$H$2:$H$12,MATCH(B3,RF_EUR_Ranges!$A$2:$A$12,0))
A21: P10 Final RF (%) | B21: =INDEX(RF_EUR_Ranges!$K$2:$K$12,MATCH(B3,RF_EUR_Ranges!$A$2:$A$12,0))
A22: P90 EUR (MMstb) | B22: =INDEX(RF_EUR_Ranges!$F$2:$F$12,MATCH(B3,RF_EUR_Ranges!$A$2:$A$12,0))
A23: P50 EUR (MMstb) | B23: =INDEX(RF_EUR_Ranges!$I$2:$I$12,MATCH(B3,RF_EUR_Ranges!$A$2:$A$12,0))
A24: P10 EUR (MMstb) | B24: =INDEX(RF_EUR_Ranges!$L$2:$L$12,MATCH(B3,RF_EUR_Ranges!$A$2:$A$12,0))
B26: =INDEX(RF_EUR_Ranges!$E$2:$E$14,MATCH(B3,RF_EUR_Ranges!$A$2:$A$14,0))
B27: =INDEX(RF_EUR_Ranges!$H$2:$H$14,MATCH(B3,RF_EUR_Ranges!$A$2:$A$14,0))
B28: =INDEX(RF_EUR_Ranges!$K$2:$K$14,MATCH(B3,RF_EUR_Ranges!$A$2:$A$14,0))
B30: =INDEX(RF_EUR_Ranges!$F$2:$F$14,MATCH(B3,RF_EUR_Ranges!$A$2:$A$14,0))
B31: =INDEX(RF_EUR_Ranges!$I$2:$I$14,MATCH(B3,RF_EUR_Ranges!$A$2:$A$14,0))
B32: =INDEX(RF_EUR_Ranges!$L$2:$L$14,MATCH(B3,RF_EUR_Ranges!$A$2:$A$14,0))

Sheet ScenarioControls
A1: Scenario Controls for RF/EUR Ranges
A2: Parameter | B2: Value | C2: Note
A3: P90 incremental RF factor | B3: 0.8 | C3: Conservative case applied to incremental RF only
A4: P50 incremental RF factor | B4: 1 | C4: Base case = current calculated incremental RF
A5: P10 incremental RF factor | B5: 1.2 | C5: Upside case applied to incremental RF only
A6: Important note | C6: These are screening-level scenario factors, not full probabilistic reservoir simulation outputs.

Sheet Criteria
A1: EOR Type | B1: Parameter | C1: 2026 Screening Condition | D1: Fail When | E1: Critical? | F1: Ref ID(s) | G1: Short Reference / Note | H1: Reference URL
A2: CO2 Miscible Flood | B2: CO2 Availability | C2: Yes | D2: CO2 unavailable | E2: Yes | F2: R3;R4 | G2: CO2-specific source availability is critical; not interchangeable with HC gas. | H2: https://www.sciencedirect.com/science/article/pii/S2405656125000161
A3: CO2 Miscible Flood | B3: MMP Satisfied? | C3: Yes | D3: Pressure below MMP | E3: Yes | F3: R3;R4 | G3: CO2 miscibility requires reservoir pressure at/above MMP. | H3: https://www.mdpi.com/2073-4441/17/5/651
A4: CO2 Miscible Flood | B4: API / Viscosity / Depth | C4: >=25° API, <=10 cP, >=2500 ft | D4: Outside range | E4: Yes | F4: R1;R2 | G4: Updated miscible gas screening range. | H4: https://www.nature.com/articles/s41598-025-21696-x
A5: CO2 WAG | B5: WAG Facilities | C5: Water + gas injection facilities available | D5: Facilities unavailable | E5: Yes | F5: R4 | G5: WAG requires both injection systems and cycle management. | H5: https://www.mdpi.com/2073-4441/17/5/651
A6: CO2 WAG | B6: Gravity Override Risk | C6: Low/Medium preferred | D6: High = conditional | E6: Conditional | F6: R4 | G6: WAG can improve sweep but override/channeling still penalizes score. | H6: https://www.mdpi.com/2073-4441/17/5/651
A7: HC Gas Miscible Flood | B7: HC Gas Source | C7: External HC gas OR high GOR with reinjection potential | D7: No gas source and no reinjection potential | E7: Yes/Conditional | F7: R10;R11 | G7: High GOR + reinjection can be conditional source for HC gas recycling. | H7: https://www.onepetro.org/
A8: HC Gas Miscible Flood | B8: MMP Satisfied? | C8: Yes | D8: Pressure below MMP | E8: Yes | F8: R10 | G8: HC miscible gas needs MMP check separate from CO2. | H8: https://www.onepetro.org/
A9: HC Gas WAG | B9: HC Gas Source + WAG Facilities | C9: HC gas source + water/gas injection facilities | D9: Source/facilities unavailable | E9: Yes/Conditional | F9: R10;R11 | G9: HC WAG combines gas recycling/source with WAG facilities. | H9: https://www.onepetro.org/
A10: Immiscible Gas Flood | B10: Gas Source | C10: Gas available OR high GOR with reinjection potential | D10: No gas source | E10: Yes/Conditional | F10: R1;R11 | G10: Immiscible gas can be supported by recycled associated gas if feasible. | H10: https://www.onepetro.org/
A11: Immiscible Gas WAG | B11: Gas Source + WAG Facilities | C11: Gas source + water/gas injection facilities | D11: Source/facilities unavailable | E11: Yes/Conditional | F11: R4;R11 | G11: WAG improves sweep versus continuous gas but requires water and gas injectivity. | H11: https://www.mdpi.com/2073-4441/17/5/651
A12: Polymer (HPAM) | B12: Temperature / Salinity / Hardness | C12: <=70°C, <=70k ppm TDS, <=500 ppm hardness | D12: Outside range | E12: Yes | F12: R1;R5 | G12: Conventional HPAM limit retained. | H12: https://www.nature.com/articles/s41598-023-44896-9
... A22: GOR Category from Numeric | B22: Optional helper | C22: Tool default: >=1000 scf/STB High; 300–999 Moderate; <300 Low | D22: Blank uses manual category input | E22: Optional | F22: Tool assumption; R10 | G22: This is a screening proxy, not a universal reservoir standard; user may override via Produced GOR Category. | H22: https://www.mdpi.com/1996-1073/18/15/4182

Sheet References_2026
A1: Ref ID | B1: Reference | C1: Year | D1: Key use in this workbook | E1: URL
A2: R1 | B2: Taber, Martin & Seright, EOR screening criteria revisited (Parts 1–2), SPE Reservoir Engineering. | C2: 1997 | D2: Legacy baseline criteria for miscible gas, chemical and thermal EOR. | E2: https://doi.org/10.2118/35385-PA
A3: R2 | B3: Arvis & Min, Updated screening criteria for enhanced oil recovery methods, Scientific Reports. | C3: 2025 | D3: Updated screening/scoring workflow and score-based exclusion. | E3: https://www.nature.com/articles/s41598-025-21696-x
A4: R3 | B4: Recent CO2-EOR / CCUS screening reviews. | C4: 2024–2025 | D4: CO2 source, MMP, injectivity, containment, WAG screening factors. | E4: https://www.sciencedirect.com/science/article/pii/S2405656125000161
A5: R4 | B5: Recent CO2 WAG screening and optimization studies. | C5: 2025 | D5: Waterflood history, residual oil contact, WAG suitability and injectivity criteria. | E5: https://www.mdpi.com/2073-4441/17/5/651
A6: R5 | B6: Zeynalli et al., Review of viscoelastic polymer flooding in sandstone and carbonate rocks, Scientific Reports. | C6: 2023 | D6: ATBS/NVP high-temperature/high-salinity polymers, oxygen sensitivity, injectivity. | E6: https://www.nature.com/articles/s41598-023-44896-9
A7: R6 | B7: Recent offshore carbonate surfactant-polymer formulation studies. | C7: 2024 | D7: SP in high-temperature/offshore carbonate reservoirs; adsorption and handling risks. | E7: https://www.frontiersin.org/journals/chemistry/articles/10.3389/fchem.2024.1408115/full
A8: R7 | B8: Surfactant-polymer flooding in carbonates under harsh conditions review. | C8: 2023 | D8: SP feasibility in high salinity/high temperature carbonate reservoirs. | E8: https://www.sciencedirect.com/science/article/pii/S0920410522010956
A9: R8 | B9: Xu et al., Review of steam flooding and applications. | C9: 2023 | D9: Thermal EOR remains suited to heavy/viscous oil, shallow depths, high permeability. | E9: https://www.frontiersin.org/journals/earth-science/articles/10.3389/feart.2023.1268103/full
A10: R9 | B10: Recent anti-salt surfactant/polymer screening in low-permeability reservoirs. | C10: 2026 | D10: AM/AMPS/AA polymer and SP evidence in lower-perm reservoirs with retention/shear checks. | E10: https://www.mdpi.com/2227-9717/14/3/408
A11: R10 | B11: Soltanbekova et al., Potential of Gas-Enhanced Oil Recovery (EOR) Methods: Experimental and Simulation Analysis, Energies. | C11: 2025 | D11: Gas-EOR methods include hydrocarbon gases, nitrogen, flue gas, WAG and CO2 flooding; supports split gas modules. | E11: https://www.mdpi.com/1996-1073/18/15/4182
A12: R11 | B12: U.S. Department of Energy, CCUS Chapter 8 – CO2 Enhanced Oil Recovery. | C12: 2021 | D12: CO2-EOR commonly uses WAG and produced CO2 is recycled/reinjected; supports separation of CO2-specific workflow. | E12: https://www.energy.gov/sites/default/files/2022-10/CCUS-Chap_8-030521.pdf
... A14: R13 | B14: USGS Fact Sheet: Field growth and role of EOR. | C14: 2000 | D14: CO2 gas injection and miscible/immiscible hydrocarbon gas injection are distinct EOR techniques; supports separate CO2 vs HC gas rows. | E14: https://pubs.usgs.gov/fs/fs-0115-00/fs-0115-00po.pdf

Sheet Lists
A1: RockType | B1: Heterogeneity | C1: YesNo | D1: DriveMechanism | E1: FieldMaturity | F1: MobilityRatio | G1: RiskLevel | H1: Injectivity | I1: WAGRatio | J1: GORCategory | K1: YesNoUnknown | L1: GasSourceStatus
A2: Sandstone | B2: Low | C2: Yes | D2: Solution Gas Drive | E2: Early | F2: Favorable | G2: Low | H2: Good | I2: 1:1 | J2: Low | K2: Yes | L2: Available
A3: Carbonate | B3: Moderate | C3: No | D3: Weak Water Drive | E3: Mid | F3: Neutral | G3: Medium | H3: Fair | I3: 2:1 | J3: Moderate | K3: No | L3: Conditional
B4: High | D4: Moderate Water Drive | E4: Late | F4: Unfavorable | G4: High | H4: Poor | I4: 1:2 | J4: High | K4: Unknown | L4: Unavailable
D5: Strong Water Drive | I5: Custom | J5: Unknown
D6: Gas Cap Expansion
D7: Combination Drive
D8: Natural Fracture
D9: Others

Sheet EOR_Data Gathering
A1: DATA GATHERING
A3: Section | B3: Field | C3: Type | D3: Value | E3: Units/Notes | F3: Guidance
A4: Overview | B4: Project Name | C4: text | D4: Garraf EOR Screening | F4: Project identifier
B5: Field | C5: text | D5: Garraf
B6: Reservoir / Zone | C6: text | D6: Mishrif
B7: Current Recovery Mechanism | C7: list:Primary; Waterflood; Gasflood; Other | D7: Waterflood | F7: Select one
B8: Current RF | D8: 0.2 | E8: % | F8: at Techlife
B9: EOR Methods Under Consideration | C9: list:CO2 miscible; HC gas miscible; Polymer; ASP; Surfactant; Thermal; WAG; HnP; Other | D9: Polymer, ASP, Surfactant | F9: Choose most likely method at this stage
B10: Data Cutoff Date | C10: date | D10: 46022 | F10: YYYY-MM-DD
B11: Report Source / Reference | C11: text | F11: Link or document ID
A12: Reservoir & Rock | B12: Depth TVDSS | C12: number | D12: 2300 | E12: m
B13: Net Pay | C13: number | D13: 38 | E13: m
B14: Gross Thickness | C14: number | D14: 38 | E14: m
B15: Area | C15: number | E15: km^2
B16: Porosity, phi | C16: number | D16: 0.24 | F16: fraction (0-1)
B17: Permeability, k | C17: number | D17: 30 | E17: mD
B18: NTG | C18: number | D18: 1 | F18: fraction (0-1)
B19: Kv/Kh | C19: number | D19: 0.7 | E19: ratio
B20: Initial Swi | C20: number | F20: fraction (0-1)
B21: Sor | C21: number | F21: fraction (0-1)
B22: Wettability Index (Amott/USBM) | C22: text | F22: state index & method
B23: Capillary Pressure Curves Available? | C23: list:Yes; No | F23: Yes/No
B24: Rock Type / Lithology | C24: list:Sandstone; Carbonate; Mixed; Shale; Other | D24: Carbonate
B25: Fracturing (Natural/Induced) | C25: list:None; Natural; Induced; Both | D25: Natural
B26: Temperature | C26: number | D26: 74 | E26: °C
B27: Initial Reservoir Pressure | C27: number | D27: 3900 | E27: psi
B28: Current Reservoir Pressure | C28: number | D28: 3100 | E28: psi
B29: Bubble Point Pressure, Pb | C29: number | D29: 2646 | E29: psi
A30: Fluids (PVT & Water) | B30: Fluid type | C30: text | D30: Black Oil (Medium) | F30: Volatile Oil, Dry Gas, Wet Gas, Gas‑Condensate, Black Oil (Light/Medium Oil), Heavy Oil, Extra‑Heavy Oil / Bitumen
B31: GOR | C31: number | D31: 574 | E31: scf/STB
B32: Oil Density @ 20°C | C32: number | E32: g/cc
B33: Oil Density @ Pb | C33: number | D33: 0.75 | E33: g/cc
B34: API Gravity | C34: number | D34: 25 | E34: deg API
B35: Oil Viscosity @ reservoir | C35: number | D35: 2.2 | E35: cP
B36: Oil Viscosity @ Pb | C36: number | D36: 1.78 | E36: cP
B37: MMP (if available)
B38: Solution Gas Composition | C38: Number and text | D38: 98.7 mol%:C1-C7+ 0.54 mol%: C02 0.75 mol%:N2 | E38: mol% | F38: mol% (C1-C7+, CO2, N2, H2S)
B39: Stock Tank Oil Composition (SARA) | C39: Number and text | D39: 44.2 wt%: Saturates 43.5 wt%: Aromatics 11.7 wt%: Resins 0.6 wt%: Asphalthenes | E39: wt% | F39: %wt Saturates/Aromatics/Resins/Asphaltenes | M39: Yes
B40: Formation Water Salinity | C40: number | D40: 177000 | E40: ppm | F40: ppm TDS | M40: No
B41: Formation Water Composition | C41: Number and text | E41: ppm | F41: ppm cation and Anions (Na, Ca, Mg, Cl, SO4, HCO3 etc) | J41: Issue | K41: Risk Level | L41: Reason
B42: Injection Water Composition | C42: Number and text | E42: ppm | F42: ppm cation and Anions (Na, Ca, Mg, Cl, SO4, HCO3 etc) | J42: Wax deposition | K42: Moderate | L42: High saturate content
B43: Hardness | C43: Number and text | E43: ppm | F43: ppm (Ca²⁺+Mg²⁺) | J43: Asphaltene precipitation | K43: Very Low | L43: Only 0.6% asphaltene + high aromatics
A44: SCAL / Rock-Fluid | B44: Relative Permeability Curves Available? | C44: list:Yes; No | D44: Yes | F44: Yes/No | J44: Asphaltene deposition | K44: Very Low | L44: Strong resin stabilization
B45: RelPerm Endpoints (Krw/Kro) | C45: Number | D45: 0.9 | F45: values or reference | J45: Emulsion tendency | K45: Low–Moderate | L45: Resins may stabilize emulsions
B46: Sor | C46: Number | D46: 0.3 | J46: Viscosity increase at low T | K46: Moderate | L46: Paraffinic components
B47: Swi | C47: Number | D47: 0.2
B48: Sorg | C48: Number | D48: 0.1 | F48: Assumption (NA)
B49: Pc Curves (ow/go) | C49: Number | F49: values or reference
B50: Wettability Alteration Evidence | C50: Number | D50: NA | F50: lab/field evidence
B51: IFT Measurements | C51: Number | D51: NA | E51: mN/m
A52: Wells & Completions | B52: Number of Producers | C52: number | D52: 121 | E52: as of Jan 2026 | F52: count
B53: Number of Injectors | C53: number | D53: 34 | E53: as of Jan 2026 | F53: count
B54: Completion Type | C54: list:Openhole; Cased & Perforated; Slotted Liner; Other | D54: Openhole; Cased & Perforated; Slotted Liner; Other
B55: Artificial Lift | C55: list:None; ESP; Gas Lift; Rod Pump; PCP; Other | D55: ESP
B56: Treatments (Acid/Frac) | C56: text | D56: Acidizing | F56: summary
B57: Integrity / Scaling / Asphaltene Issues | C57: text | D57: Scaling Issue (CaCo3,CaS04) | F57: summary
A58: Patterns & Surveillance | B58: Pattern Type | C58: list:5-spot; 7-spot; 9-spot; Line drive; Peripheral; N/A | D58: Inverted 9-spot
B59: Average Well Spacing | C59: number | D59: 900 | E59: m
B60: Tracers / Interwell Tests Run? | C60: list:Yes; No | D60: No | F60: Yes/No
B61: Pressure Monitoring | C61: text | D61: PDG & SGS | F61: downhole/surface
B62: Waterflood Start Date | C62: date | D62: 43556 | F62: YYYY-MM-DD
B63: Gas flood start date | C63: Date | D63: N/A | F63: YYYY-MM-DD
B64: GOR trend / Watercut trend | C64: text | D64: GOR flat at Rsi, Pres > Pb. Watercut increasing gently. | F64: brief notes
A65: EOR Screening | B65: Presence of H2S/CO2 | C65: list:None; CO2; H2S; Both | D65: H2S at WellPad K&H
B66: Gas Source Availability (CO2/HC/N2) | C66: text | D66: None | F66: logistics summary
A67: Facilities / Ops / Economics | B67: Injection Facilities Capacity | C67: text | D67: 400 kbwpd | F67: k bbl/d or MMscf/d
B68: Produced Fluids Handling Issues | C68: text | D68: Sludge at certain Wellpad | F68: emulsion/paraffin/asphaltene
B69: Water Source & Treatment | C69: text | D69: Third River
B70: Gas Processing / CO2 Capture | C70: text | D70: None
A71: Simulation and dynamic modeling | B71: Software | C71: text | D71: Eclipse-100, Tnav | F71: CMG Stars, GEMS, Eclipse-100, Eclipse-300, Tnav, etc
B72: latest model name | C72: text | D72: Mishrif Internal Model Jan 2026 | F72: file name
B73: date | C73: text | D73: 45992 | F73: YYYY-MM-DD

Sheet Coreflood
A1: Core sample | B1: Year | C1: Initial Oil Saturation, Soi (OOIP % PV) | D1: Initial Water Saturation, Swi,% PV | E1: Water Flood Recovery, % OOIP | F1: Water Flood Recovery, % PV | G1: Residual Oil Saturation after WF , Sorw, % OOIP | H1: Residual Oil Saturation after WF , Sorw, % PV | I1: Alkaline- Surfactant (AS) Recovery, % OOIP | J1: Alkaline- Surfactant (AS) Recovery , % PV | K1: Residual Oil Saturation after AS , Sorc (AS), % OOIP | L1: Residual Oil Saturation after AS , Sorc (AS), % PV | M1: Recovery Factor (AS)= Soi-Sorc/Soi, % | N1: % Sor Reduction (AS) = Sorw- Sorc / Sorw, % | O1: Polymer (P) Recovery, % OOIP | P1: Polymer (P) Recovery, % PV | Q1: Residual Oil Saturation after Polymer Recovery, Sorp (P), % OOIP | R1: Residual Oil Saturation after Polymer Recovery, Sorp (P), % PV | S1: Recovery Factor (AS,P)= Soi-Sorp/Soi, % | T1: % Sor Reduction (AS,P) = Sorw- Sorp / Sorw, % | U1: % Sor Reduction (SP) = Sorw- Sorp / Sorw | W1: Alkaline(A) Recovery | X1: Alkaline(A) Recovery | Y1: Surfactant (S) Recovery | Z1: Surfactant (S) Recovery | AA1: Surfactant +Polymer (SP) Recovery | AB1: Surfactant +Polymer (SP) Recovery | AC1: Alkali +Surfactant +Polymer (ASP) Recovery | AD1: Alkali +Surfactant +Polymer (ASP) Recovery | AE1: Final Residual Oil Saturation
A2: LB-1_2013 | B2: 2013 | C2: 68 | D2: 32 | E2: 66.7 | F2: 45.3 | G2: 33.3 | H2: 22.7 | I2: 6.6 | J2: 4.5 | K2: 26.7 | L2: 18.2 | M2: 73 | N2: 20 | O2: 7.3 | P2: 5 | Q2: 19.4 | R2: 13.2 | S2: 81 | T2: 42 | U2: 0 | W2: 0 | X2: 0 | Y2: 0 | Z2: 0 | AA2: 0 | AB2: 0
A3: LB-2_2013 | B3: 2013 | C3: 58.6 | D3: 41.4 | E3: 51.3 | F3: 30.1 | G3: 48.7 | H3: 28.5 | I3: 20.3 | J3: 11.9 | K3: 28.3 | L3: 16.6 | M3: 72 | N3: 42 | O3: 3.7 | P3: 2.2 | Q3: 24.6 | R3: 14.4 | S3: 75 | T3: 49 | U3: 0 | W3: 0 | X3: 0 | Y3: 0 | Z3: 0 | AA3: 0 | AB3: 0
A4: LB-3_2013 | B4: 2013 | C4: 68.9 | D4: 31.1 | E4: 50.9 | F4: 35 | G4: 49.1 | H4: 33.8 | I4: 12.8 | J4: 8.8 | K4: 36.3 | L4: 25 | M4: 64 | N4: 26 | O4: 2.7 | P4: 1.8 | Q4: 33.6 | R4: 23.2 | S4: 66 | T4: 32 | U4: 0 | W4: 0 | X4: 0 | Y4: 0 | Z4: 0 | AA4: 0 | AB4: 0
A5: LB-4_2013 | B5: 2013 | C5: 66.6 | D5: 33.4 | E5: 42 | F5: 28 | G5: 58 | H5: 38.7 | I5: 17.4 | J5: 11.6 | K5: 40.6 | L5: 27.1 | M5: 59 | N5: 30 | O5: 12.9 | P5: 8.6 | Q5: 27.7 | R5: 18.4 | S5: 72 | T5: 52 | U5: 0 | W5: 0 | X5: 0 | Y5: 0 | Z5: 0 | AA5: 0 | AB5: 0
A6: LN-1_2013 | B6: 2013 | C6: 59.7 | D6: 40.3 | E6: 56.2 | F6: 33.5 | G6: 43.8 | H6: 26.2 | I6: 12.8 | J6: 7.6 | K6: 31 | L6: 18.5 | M6: 69 | N6: 29 | O6: 1.5 | P6: 0.9 | Q6: 29.6 | R6: 17.6 | S6: 70 | T6: 33 | U6: 0 | W6: 0 | X6: 0 | Y6: 0 | Z6: 0 | AA6: 0 | AB6: 0
A7: 1L_2003 | B7: 2003 | C7: =0.776*100 -> 77.6 | E7: 35.2 | F7: 27 | G7: NA | H7: =0.352*100 -> 35.2 | I7: 0 | J7: 0 | N7: 0 | O7: 0 | P7: 0 | T7: =H7-AE7 -> 3.6 | U7: 0 | W7: 3.8 | X7: 2.9 | Y7: 0.1 | Z7: 0.1 | AA7: 0.8 | AB7: =0.006*100 -> 0.6 | AE7: =0.316*100 -> 31.6
A8: 2L_2003 | B8: 2003 | C8: =0.889*100 -> 88.9 | E8: 53 | F8: 47.1 | G8: NA | H8: =0.359*100 -> 35.9 | I8: 0 | J8: 0 | N8: 0 | O8: 0 | P8: 0 | T8: =H8-AE8 -> 20.6 | U8: 0 | W8: 3.4 | X8: 3 | Y8: 6 | Z8: 5.3 | AA8: 13.8 | AB8: =0.123*100 -> 12.3 | AE8: =0.153*100 -> 15.3
A9: 3L_2003 | B9: 2003 | C9: =0.785*100 -> 78.5 | E9: 47.1 | F9: 37 | G9: NA | H9: =0.415*100 -> 41.5 | I9: 0 | J9: 0 | N9: 0 | O9: 0 | P9: 0 | T9: 0 | U9: =H9-AE9 -> 9.8 | Y9: 0 | Z9: 0 | AA9: 12.5 | AB9: =0.098*100 -> 9.8 | AE9: =0.317*100 -> 31.7
A10: 4L_2003 | B10: 2003 | C10: =0.761*100 -> 76.1 | E10: 42.7 | F10: 32.5 | G10: NA | H10: =0.435*100 -> 43.5 | I10: 0 | J10: 0 | N10: 0 | O10: 0 | P10: 0 | T10: =H10-AE10 -> 14.1 | U10: 0 | W10: 9.6 | X10: 7.3 | Y10: 6.8 | Z10: 5.2 | AA10: 2.1 | AB10: =0.016*100 -> 1.6 | AE10: =0.294*100 -> 29.4
A11: 1R_2003 | B11: 2003 | C11: 72.1 | E11: 30.1 | F11: 21.7 | G11: NA | H11: 50.4 | I11: 0 | J11: NA | N11: 0.79365079 | T11: 0 | U11: 0 | W11: NA | X11: NA | Y11: 0.1 | Z11: NA | AA11: NA | AB11: NA | AE11: =AG11*100 -> 0
A12: 2R_2003 | B12: 2003 | C12: 67.2 | E12: 34.1 | F12: 22.9 | G12: NA | H12: 44.3 | I12: 8.8 | J12: NA | N12: 19.187359 | T12: 0 | U12: 0 | W12: NA | X12: NA | Y12: NA | Z12: NA | AA12: NA | AB12: NA | AE12: =AG12*100 -> 0
A13: 3R_2003 | B13: 2003 | C13: 74.7 | E13: 13.4 | F13: 10 | G13: NA | H13: 64.6 | I13: 0 | J13: NA | N13: 0 | T13: 0 | U13: 5.7275542 | W13: NA | X13: NA | Y13: NA | Z13: NA | AA13: 4.8 | AB13: NA | AE13: =AG13*100 -> 0
A14: 4R_2003 | B14: 2003 | C14: 69.2 | E14: 22.4 | F14: 15.5 | G14: NA | H14: 53.7 | I14: 0 | J14: NA | N14: 0 | T14: 0 | U14: 25.884544 | W14: NA | X14: NA | Y14: NA | Z14: NA | AA14: NA | AB14: NA | AC14: 20.9 | AD14: NA | AE14: =AG14*100 -> 0
A15: 5R_2003 | B15: 2003 | C15: 69.1 | E15: 37 | F15: 25.5 | G15: NA | H15: 43.6 | I15: 0 | J15: NA | N15: 0 | T15: 52.293578 | U15: 0 | W15: NA | X15: NA | Y15: NA | Z15: NA | AA15: NA | AB15: NA | AC15: 32.5 | AD15: NA | AE15: =AG15*100 -> 0
A16: 6R_2003 | B16: 2003 | C16: 99 | E16: 13.2 | F16: 13.1 | G16: NA | H16: 85.9 | I16: 23.8 | J16: NA | N16: 33.527357 | T16: 0 | U16: 0 | W16: NA | X16: NA | Y16: NA | Z16: NA | AA16: NA | AB16: NA | AE16: =AG16*100 -> 0
A17: 7R_2003 | B17: 2003 | C17: 63.9 | E17: 23.3 | F17: 14.9 | G17: NA | H17: 49 | I17: 0 | J17: NA | N17: 0 | T17: 40.816327 | U17: 0 | W17: NA | X17: NA | Y17: NA | Z17: NA | AA17: NA | AB17: NA | AC17: 31 | AD17: NA | AE17: =AG17*100 -> 0
A18: 8R_2003 | B18: 2003 | C18: 56.9 | E18: 33.1 | F18: 18.9 | G18: NA | H18: 38.1 | I18: 0 | J18: NA | N18: 0 | T18: 8.6614173 | U18: 0 | W18: NA | X18: NA | Y18: NA | Z18: NA | AA18: NA | AB18: NA | AC18: 8.3 | AD18: NA | AE18: =AG18*100 -> 0
A19: 9R_2003 | B19: 2003 | C19: 64.2 | E19: 34.9 | F19: 22.4 | G19: NA | H19: 41.8 | I19: 0 | J19: NA | N19: 0 | T19: 44.497608 | U19: 0 | W19: NA | X19: NA | Y19: NA | Z19: NA | AA19: NA | AB19: NA | AC19: 30 | AD19: NA | AE19: =AG19*100 -> 0
A20: 10R_2003 | B20: 2003 | C20: 64.2 | E20: 29.7 | F20: 19 | G20: NA | H20: 45.1 | I20: 17.5 | J20: NA | N20: 24.390244 | T20: 0 | U20: 0 | W20: NA | X20: NA | Y20: NA | Z20: NA | AA20: NA | AB20: NA | AE20: =AG20*100 -> 0

Sheet Sheet1
A1: Core sample | B1: Year | C1: % Sor Reduction (AS) = Sorw- Sorc / Sorw, % | D1: % Sor Reduction (AS,P) = Sorw- Sorp / Sorw, % | E1: % Sor Reduction (SP) = Sorw- Sorp / Sorw
A2: LB-1_2013 | B2: 2013 | C2: 20 | D2: 42 | E2: 0
A3: LB-2_2013 | B3: 2013 | C3: 42 | D3: 49 | E3: 0
A4: LB-3_2013 | B4: 2013 | C4: 26 | D4: 32 | E4: 0
A5: LB-4_2013 | B5: 2013 | C5: 30 | D5: 52 | E5: 0
A6: LN-1_2013 | B6: 2013 | C6: 29 | D6: 33 | E6: 0
A7: 1L_2003 | B7: 2003 | C7: 0 | D7: 3.6 | E7: 0
A8: 2L_2003 | B8: 2003 | C8: 0 | D8: 20.6 | E8: 0
A9: 3L_2003 | B9: 2003 | C9: 0 | D9: 0 | E9: 9.8
A10: 4L_2003 | B10: 2003 | C10: 0 | D10: 14.1 | E10: 0
A11: 1R_2003 | B11: 2003 | C11: 0.79365079 | D11: 0 | E11: 0
A12: 2R_2003 | B12: 2003 | C12: 19.187359 | D12: 0 | E12: 0
A13: 3R_2003 | B13: 2003 | C13: 0 | D13: 0 | E13: 5.7275542
... A20: 10R_2003 | B20: 2003 | C20: 24.390244 | D20: 0 | E20: 0

Sheet Challenges
A1: Area | B1: Challenges | C1: Lessons Learnt | D1: Mitigations / Solutions | E1: Field
A2: Chemical Compatibility & Water Treatment. | B2: Sensitivity of alkaline formulations to divalent ions and added complexity of offshore water softening; desalination increased weight and operational load. | C2: Offshore implementation depends on chemical compatibility with seawater; water treatment units significantly impact CAPEX and topside weight. | D2: Introduce seawater-tolerant alkaline formulations (e.g., OA-200) to simplify operations and adopt seawater-compatible chemicals to reduce or eliminate extensive softening requirements. | E2: Angsi
A3: Chemical Validation | B3: Lab results needed confirmation in field conditions | C3: Laboratory performance alone cannot guarantee field success | D3: Conduct pilot field tests (e.g., SWCT) to validate lab findings and guide final chemical selection | E3: Angsi
A4: Chemical Cost & Logistics | B4: High cost and large storage volume required offshore | C4: Offshore chemical handling and storage are major cost drivers | D4: Shift blending onshore and optimize formulations to enhance cost efficiency and streamline logistics | E4: Angsi
A5: Facilities & Infrastructure | B5: CEOR vessel design exceeded weight expectations | C5: Early design assumptions often underestimate EOR facility footprint | D5: Employ modular, compact designs and move some processing onshore to minimize weight and cost | E5: Angsi
A6: Fluid Handling & Pumping Systems | B6: High-concentration injected fluids caused elevated pressure and pumping difficulties; handling mixed oil-water-gas phases offshore added complexity. | C6: Reliable and efficient multiphase flow management is critical for stable offshore CEOR operations. | D6: Deploy twin-screw or high-torque multiphase pumps designed for chemical injection and mixed-phase flow to maintain pressure control and operational stability. | E6: Angsi
A7: Simulation & Risk Management | B7: Uncertainty in Sor, adsorption, and IFT performance | C7: Static and dynamic uncertainty integration is key to de-risking full-field EOR | D7: Utilize probabilistic modeling and pilot testing for performance validation and uncertainty reduction | E7: Angsi

Sheet Vis_Shear
B1: Year | C1: Polymer | D1: Salinity | E1: Concentration | F1: Shear Rate (1/sec) | G1: Apparent Viscosity
B2: 2013 | C2: GLP100_2000 mg/l_2013 | D2: 2000 | E2: 2000 | F2: 7.34 | G2: 53.44
B3: 2013 | C3: GLP100_2000 mg/l_2013 | D3: 2000 | E3: 2000 | F3: 10 | G3: 45.78
B4: 2013 | C4: GLP100_2000 mg/l_2013 | D4: 2000 | E4: 2000 | F4: 36.69 | G4: 22
B5: 2013 | C5: GLP100_2000 mg/l_2013 | D5: 2000 | E5: 2000 | F5: 50 | G5: 16.14
B6: 2013 | C6: GLP100_1500 mg/l_2013 | D6: 2000 | E6: 1500 | F6: 7.34 | G6: 27.69
B7: 2013 | C7: GLP100_1500 mg/l_2013 | D7: 2000 | E7: 1500 | F7: 10 | G7: 24.49
B8: 2013 | C8: GLP100_1500 mg/l_2013 | D8: 2000 | E8: 1500 | F8: 36.69 | G8: 14.6
B9: 2013 | C9: GLP100_1500 mg/l_2013 | D9: 2000 | E9: 1500 | F9: 50 | G9: 12.85
B10: 2013 | C10: GLP100_1000 mg/l_2013 | D10: 2000 | E10: 1000 | F10: 7.34 | G10: 13.3
B11: 2013 | C11: GLP100_1000 mg/l_2013 | D11: 2000 | E11: 1000 | F11: 10 | G11: 11.95
B12: 2013 | C12: GLP100_1000 mg/l_2013 | D12: 2000 | E12: 1000 | F12: 36.69 | G12: 8.04
B13: 2013 | C13: GLP100_1000 mg/l_2013 | D13: 2000 | E13: 1000 | F13: 50 | G13: 7.19
... B33: 2013 | C33: SAV301_500 mg/l_2013 | D33: 2000 | E33: 500 | F33: 50 | G33: 2.05
B34: 2003 | C34: Flopaam 3630_2003 | F34: 1 | G34: 11
B35: 2003 | C35: Flopaam 3630_2003 | F35: 7 | G35: 10
B36: 2003 | C36: Flopaam 3630_2003 | F36: 11 | G36: 8
B37: 2003 | C37: Flopaam 3630_2003 | F37: 13 | G37: 5
B38: 2003 | C38: Flopaam 2430_2003 | F38: 1 | G38: 7
B39: 2003 | C39: Flopaam 2430_2003 | F39: 7 | G39: 4
B40: 2003 | C40: Flopaam 2430_2003 | F40: 11 | G40: 3
B41: 2003 | C41: Flopaam 2430_2003 | F41: 13 | G41: 2
B42: 2003 | C42: Alcoflood 1235_2003 | F42: 1 | G42: 4
B43: 2003 | C43: Alcoflood 1235_2003 | F43: 7 | G43: 2.8
B44: 2003 | C44: Alcoflood 1235_2003 | F44: 11 | G44: 2.7
B45: 2003 | C45: Alcoflood 1235_2003 | F45: 13 | G45: 2.3
... B65: 2003 | C65: Flopaam 3330S_2003 | F65: 13 | G65: 3.1

Sheet Thermal
A1: No | B1: Year | C1: Field | D1: Polymer Type | E1: Analog | F1: Viscosity (cp) | G1: Viscosity reduction (%) | H1: Time (days) | I1: Polymer Concentration (ppm) | J1: Temperature (degc)
A2: 1 | B2: 2025 | C2: Angsi | D2: SuperPusher SAV 10_2025 | E2: Angsi | G2: 100 | H2: 0 | I2: 2500 | J2: 120
A3: 1 | B3: 2025 | C3: Angsi | D3: SuperPusher SAV 10_2025 | E3: Angsi | G3: 110 | H3: 25 | I3: 2500 | J3: 120
A4: 1 | B4: 2025 | C4: Angsi | D4: SuperPusher SAV 10_2025 | E4: Angsi | G4: 110 | H4: 60 | I4: 2500 | J4: 120
A5: 1 | B5: 2025 | C5: Angsi | D5: SuperPusher SAV 10_2025 | E5: Angsi | G5: 100 | H5: 90 | I5: 2500 | J5: 120
A6: 1 | B6: 2025 | C6: Angsi | D6: SuperPusher SAV 10_2025 | E6: Angsi | G6: 100 | H6: 180 | I6: 2500 | J6: 120
A7: 1 | B7: 2025 | C7: Angsi | D7: SuperPusher SAV 10_2025 | E7: Angsi | G7: 90 | H7: 360 | I7: 2500 | J7: 120
A8: 2 | B8: 2025 | C8: D18 | D8: SuperPusher SAV 73 XV_2025 | E8: D18 | G8: 100 | H8: 0 | I8: 1800 | J8: 90
A9: 2 | B9: 2025 | C9: D18 | D9: SuperPusher SAV 73 XV_2025 | E9: D19 | G9: 104 | H9: 30 | I9: 1800 | J9: 90
A10: 2 | B10: 2025 | C10: D18 | D10: SuperPusher SAV 73 XV_2025 | E10: D20 | G10: 96 | H10: 60 | I10: 1800 | J10: 90
A11: 2 | B11: 2025 | C11: D18 | D11: SuperPusher SAV 73 XV_2025 | E11: D21 | G11: 97 | H11: 90 | I11: 1800 | J11: 90
A12: 2 | B12: 2025 | C12: D18 | D12: SuperPusher SAV 73 XV_2025 | E12: D22 | G12: 100 | H12: 120 | I12: 1800 | J12: 90
A13: 2 | B13: 2025 | C13: D18 | D13: SuperPusher SAV 73 XV_2025 | E13: D23 | G13: 98 | H13: 150 | I13: 1800 | J13: 90
... A27: 4 | B27: 2025 | C27: Temana | D27: SuperPusher SAV 82 XV_2025 | E27: Temana | G27: 111 | H27: 180 | I27: 1800 | J27: 80
A28: 5 | B28: 2013 | C28: Angsi | D28: SuperPusher SAV 301_2013 | E28: Angsi | G28: 100 | H28: 0 | J28: 25
A29: 5 | B29: 2013 | C29: Angsi | D29: SuperPusher SAV 301_2013 | E29: Angsi | G29: 84.3 | H29: 7 | J29: 25
A30: 5 | B30: 2013 | C30: Angsi | D30: SuperPusher SAV 301_2013 | E30: Angsi | G30: 76.7 | H30: 14 | J30: 25
A31: 5 | B31: 2013 | C31: Angsi | D31: SuperPusher SAV 301_2013 | E31: Angsi | G31: 75.9 | H31: 21 | J31: 25
A32: 5 | B32: 2013 | C32: Angsi | D32: SuperPusher SAV 301_2013 | E32: Angsi | G32: 67.1 | H32: 29 | J32: 25
A33: 5 | B33: 2013 | C33: Angsi | D33: SuperPusher SAV 301_2013 | E33: Angsi | G33: 60.9 | H33: 42 | J33: 25
A34: 5 | B34: 2013 | C34: Angsi | D34: SuperPusher SAV 301_2013 | E34: Angsi | G34: 58.9 | H34: 56 | J34: 25
A35: 5 | B35: 2013 | C35: Angsi | D35: SuperPusher SAV 301_2013 | E35: Angsi | G35: 51.3 | H35: 70 | J35: 25
A36: 5 | B36: 2013 | C36: Angsi | D36: SuperPusher SAV 301_2013 | E36: Angsi | G36: 49.5 | H36: 84 | J36: 25
A37: 5 | B37: 2013 | C37: Angsi | D37: SuperPusher SAV 301_2013 | E37: Angsi | G37: 43.4 | H37: 98 | J37: 25
A38: 5 | B38: 2013 | C38: Angsi | D38: SuperPusher SAV 301_2013 | E38: Angsi | G38: 41.7 | H38: 112 | J38: 25
A39: 5 | B39: 2013 | C39: Angsi | D39: SuperPusher SAV 301_2013 | E39: Angsi | G39: 40.9 | H39: 180 | J39: 25
... A87: 7 | B87: 2013 | C87: Angsi | D87: HE 300_2013 | E87: Angsi | G87: 0 | H87: 180 | J87: 25
A88: 8 | B88: 2003 | C88: Angsi | D88: Flopaam 2630 ST (seawater)_2003 | E88: Angsi | F88: 3.2 | G88: 100 | H88: 1 | J88: 30
A89: 8 | B89: 2003 | C89: Angsi | D89: Flopaam 2630 ST (seawater)_2003 | E89: Angsi | F89: 1.1 | G89: 65.625 | H89: 4 | J89: 30
A90: 8 | B90: 2003 | C90: Angsi | D90: Flopaam 2630 ST (seawater)_2003 | E90: Angsi | F90: 0.9 | G90: 18.181818 | H90: 7 | J90: 30
A91: 9 | B91: 2003 | C91: Angsi | D91: Flopaam 2630 ST (Nanofiltered seawater + Na2C03 + ORS-164HF)_2003 | E91: Angsi | F91: 7 | G91: 100 | H91: 1 | I91: 750 | J91: 30
A92: 9 | B92: 2003 | C92: Angsi | D92: Flopaam 2630 ST (Nanofiltered seawater + Na2C03 + ORS-164HF)_2003 | E92: Angsi | F92: 3.9 | G92: 44.285714 | H92: 4 | I92: 750 | J92: 30
A93: 9 | B93: 2003 | C93: Angsi | D93: Flopaam 2630 ST (Nanofiltered seawater + Na2C03 + ORS-164HF)_2003 | E93: Angsi | F93: 4.5 | G93: 13.333333 | H93: 7 | I93: 750 | J93: 30

Sheet Screening_Parameters
A1: Field | B1: Reservoir | C1: STOIIP (MMSTB) | D1: Recovery_Factor_pct | E1: Present_EUR_MMSTB | F1: Avg_Porosity_pct | G1: Initial_Oil_Sat_pct | H1: Current_Oil_Sat_pct | I1: Initial_Reservoir_Pressure_kPa | J1: Current_Reservoir_Pressure_kPa | K1: Fracture_Pressure_kPa | L1: Reservoir_Temperature_C | M1: MOST SUITABLE PROCESS | N1: OTHERS PASS METHOD | O1: INCREMENTAL EUR (%OOIP) | P1: INCREMENTAL EUR (MMSTB)
A2: Dulang | B2: E10/11 | C2: 137.61 | D2: 33.7 | E2: 46.4 | F2: 25 | G2: 59.1 | H2: 47.7 | I2: 12411 | J2: 8274 | K2: 17505 | L2: 102 | M2: HCMF WAG | N2: IGAS CO2 WAG, IGAS-N2 WAG, WFLD, HORZ WFLD | O2: 19 | P2: 26
A3: Dulang | B3: E12/13 | C3: 235.12 | D3: 39.2 | E3: 92.2 | F3: 25 | G3: 61.9 | H3: 51.9 | I3: 12411 | J3: 8274 | K3: 17505 | L3: 102 | M3: HCMF WAG | N3: HORZ WFLD, IGAS-CO2 WAG, IGAS-N2 WAG | O3: 17 | P3: 40
A4: Dulang | B4: E14 | C4: 86.93 | D4: 39.6 | E4: 34.4 | F4: 25 | G4: 66.6 | H4: 52.2 | I4: 12411 | J4: 9653 | K4: 17505 | L4: 102 | M4: HCMF WAG | N4: IGAS-CO2 WAG, IGAS-N2 WAG | O4: 9 | P4: 8
A5: Dulang | B5: E7 | C5: 124.1 | D5: 31.1 | E5: 38.6 | F5: 28 | G5: 66 | H5: 52.8 | I5: 12169 | J5: 8274 | K5: 16826 | L5: 99 | M5: IGAS-CO2 NON WAG | N5: HCMF NON-WAG, IGAS-N2 NON-WAG | O5: 7 | P5: 17
A6: Dulang | B6: LDI | C6: 90.18 | D6: 30.6 | E6: 27.6 | F6: 28 | G6: 65.3 | H6: 52.4 | I6: 12066 | J6: 9653 | K6: 16827 | L6: 99 | M6: WFLD | N6: HORZ | O6: 22 | P6: =O6*C6/100 -> 19.8396
A7: East Bunga Kekwa | B7: I-115 | C7: 53.8 | D7: 36 | E7: 9.4 | F7: 23 | G7: 60 | H7: 59.3 | I7: 20616 | J7: 20340 | K7: 28660 | L7: 116 | M7: HCMF WAG | N7: CO2M WAG, IGAS-CO2 WAG, HORZ, IGAS-N2 WAG | O7: 50 | P7: =O7*C7/100 -> 26.9
A8: East Bunga Kekwa | B8: J-70 | C8: 9.6 | D8: 32 | E8: 3 | F8: 15 | G8: 50 | H8: 48.4 | I8: 22133 | J8: 20244 | K8: 32012 | L8: 127 | M8: CO2M WAG | N8: HCMF WAG | O8: 14 | P8: =O8*C8/100 -> 1.344
A9: East Bunga Orchid | B9: K-21A | C9: 8.5 | D9: 18.8 | E9: 1.6 | F9: 16 | G9: 44 | H9: 43 | I9: 27125 | J9: 27125 | K9: 37290.36 | L9: 144 | M9: CO2M WAG | N9: HCMF WAG, CO2M NON WAG, HCMF NON WAG | O9: 41 | P9: =O9*C9/100 -> 3.485
A10: East Bunga Raya | B10: J-70 | C10: 30.34 | D10: 56.6 | E10: 17.2 | F10: 18.4 | G10: 64 | H10: 63.4 | I10: 22533 | J10: 22533 | K10: 31373 | L10: 132 | M10: CO2M WAG/HCMF WAG | N10: IGAS-CO2 WAG, IGAS-N2 WAG | O10: 25 | P10: =O10*C10/100 -> 7.585
A11: West Bunga Kekwa | B11: I-90 | C11: 61.36 | D11: 45.8 | E11: 28.1 | F11: 21.2 | G11: 73.3 | H11: 63.6 | I11: 19761 | J11: 17237 | K11: 27791 | L11: 118 | M11: CO2M WAG | N11: HCMF WAG, HORZ WF | O11: 26 | P11: =O11*C11/100 -> 15.9536
A12: West Bunga Kekwa | B12: J-60 | C12: 17.13 | D12: 24.2 | E12: 4.1 | F12: 0.182 | G12: 56.3 | H12: 49.3 | I12: 21870 | J12: 18272 | K12: 30329 | L12: 128 | M12: CO2M WAG | N12: HCMF WAG | O12: 35 | P12: =O12*C12/100 -> 5.9955
A13: Kepong | B13: J18/20 | C13: 44.05 | D13: 55 | E13: 24 | F13: 25 | G13: 73.7 | H13: 40 | I13: 17602 | J13: 15079 | K13: 24507 | L13: 87 | M13: CO2M NON WAG | N13: HCMF NON WAG | O13: 5 | P13: =O13*C13/100 -> 2.2025
A14: Seligi | B14: K-10 | C14: 105.6 | D14: 34 | E14: 36 | F14: 24 | G14: 67 | H14: 51.4 | I14: 15580 | J14: 14610 | K14: 20002 | L14: 103 | M14: HORZ-PR | N14: None | O14: 5 | P14: =O14*C14/100 -> 5.28
A15: Semangkok | B15: E6/16 | C15: 96.1 | D15: 43.1 | E15: 41.4 | F15: 31.4 | G15: 79 | H15: 65.7 | I15: 9749 | J15: 8549 | K15: 13624 | L15: 85 | M15: HORZ-PR | N15: None | O15: 3 | P15: =O15*C15/100 -> 2.883
A16: Tabu | B16: Lower I | C16: 146.48 | D16: 28.6 | E16: 18 | G16: 45 | H16: 34.4 | I16: 19060 | J16: 15620 | K16: 25471 | L16: 118 | M16: HCMF WAG | N16: None | O16: 14 | P16: =O16*C16/100 -> 20.5072
A17: Tabu | B17: Upper I | C17: 208.2 | D17: 32 | E17: 67.5 | F17: 20 | G17: 43.7 | H17: 31.3 | I17: 15620 | J17: 11550 | K17: 21997 | L17: 118 | M17: CO2M WAG | N17: HCMF WAG | O17: 7 | P17: =O17*C17/100 -> 14.574
A18: Tapis | B18: Upper J | C18: 145.2 | D18: 42.2 | E18: 61.3 | F18: 20 | G18: 50 | H18: 32 | I18: 17000 | J18: 13000 | K18: 21916 | L18: 110 | M18: CO2M WAG | N18: HCMF WAG | O18: 18 | P18: =O18*C18/100 -> 26.136
A19: Tapis | B19: Lower J | C19: 208.2 | D19: 45.6 | E19: 375.1 | F19: 20.5 | G19: 50 | H19: 31.4 | I19: 18500 | J19: 15500 | K19: 24399 | L19: 120 | M19: CO2M WAG | N19: HCMF WAG | O19: 22 | P19: =O19*C19/100 -> 45.804
A20: Guntong | B20: Upper I | C20: 527.3 | M20: CO2M WAG | O20: 26 | P20: =O20*C20/100 -> 137.098
A21: Guntong | B21: Lower I | C21: 260.6 | M21: CO2M WAG | O21: 22 | P21: =O21*C21/100 -> 57.332
A22: Tiong | B22: J-20/21 | C22: 248 | M22: CO2 WAG | O22: 23 | P22: =O22*C22/100 -> 57.04
A23: Tinggi | B23: J-18/20 | C23: 98.45 | D23: 59 | E23: 58 | F23: 27 | G23: 59.4 | H23: 25.4 | I23: 13135 | J23: 11239 | K23: 18156 | L23: 91 | M23: CO2M WAG | N23: CO2M Non-WAG | O23: 5 | P23: =O23*C23/100 -> 4.9225
A24: Baronia | B24: RV2 | C24: 92.8 | D24: 66.7 | E24: 61.9 | F24: 17.5 | G24: 60 | H24: 46.5 | I24: 23580 | J24: 22918 | K24: 32392 | L24: 80 | M24: HCMF WAG | N24: None | O24: 34 | P24: =O24*C24/100 -> 31.552
A25: Barton | B25: G/H | C25: 111.3 | D25: 54.7 | E25: 60.9 | F25: 23 | G25: 77 | H25: 49.8 | I25: 7191 | J25: 4033 | K25: 8278 | L25: 52.8 | M25: ALSP | N25: None | O25: 2 | P25: =O25*C25/100 -> 2.226
A26: Bayan | B26: S4.5 | C26: 70.8 | M26: HCMF WAG | O26: 18 | P26: =O26*C26/100 -> 12.744
A27: Betty | B27: L7 | C27: 51.2 | D27: 57.7 | E27: 29.6 | F27: 26.4 | G27: 73 | H27: 31.9 | I27: 23546 | J27: 17065 | K27: 32256 | L27: 89 | M27: HCMF WAG | N27: HCMF NON-WAG | O27: 9 | P27: =O27*C27/100 -> 4.608
A28: D18 | B28: Area 1 & 2 | C28: 123 | D28: 19.5 | E28: 24 | F28: 25 | G28: 50 | H28: 39.1 | I28: 12273 | J28: 9653 | K28: 16541 | L28: 94 | M28: HCMF WAG | N28: HCMF NON-WAG | O28: 23 | P28: =O28*C28/100 -> 28.29
A29: Samarang | B29: 1/2A-J1/4 | C29: 86.84 | M29: HCMF WAG | O29: 16 | P29: =O29*C29/100 -> 13.8944
A30: South Furious Cen. | B30: Slice3 PT05 | C30: 69.2 | D30: 13 | E30: 9 | F30: 22 | G30: 59 | H30: 48.4 | I30: 11549 | J30: 5516 | K30: 14479 | L30: 64 | M30: SRFP | N30: ALSP | O30: 8 | P30: =O30*C30/100 -> 5.536
A31: South Furious Cen. | B31: Slice2 PT05 | C31: 47.1 | D31: 19.1 | E31: 9 | F31: 22 | G31: 59 | H31: 46 | I31: 8274 | J31: 4137 | K31: 10340 | L31: 56 | M31: SRFP | O31: 3 | P31: =O31*C31/100 -> 1.413
A32: South Furious East | B32: Zone2-SR0026 | C32: 41.7 | D32: 21.6 | E32: 9 | F32: 22 | G32: 65 | H32: 49.7 | I32: 7998 | J32: 4137 | K32: 10340 | L32: 56 | M32: SRFP | N32: ALSP | O32: 1 | P32: =O32*C32/100 -> 0.417
A33: St Joseph | B33: B/G | C33: 552 | D33: 37.9 | E33: 208.9 | F33: 20 | G33: 73 | H33: 53 | I33: 7205 | J33: 3344 | K33: 9309 | L33: 52 | M33: WFLD | N33: IGAS-WAG, SRFP, ALSP | O33: 18 | P33: =O33*C33/100 -> 99.36
A34: Tembungo West | B34: L-1 | C34: 51.1 | D34: 32.5 | E34: 16.6 | F34: 15 | G34: 47 | H34: 42.9 | I34: 28814 | J34: 24132 | K34: 33911 | L34: 93 | M34: HCMF WAG | N34: - | O34: 37 | P34: =O34*C34/100 -> 18.907
A35: Tukau | B35: 1-I1/6 | C35: 32.7 | D35: 22.7 | E35: 7.4 | F35: 16 | G35: 60 | H35: 47.9 | I35: 11880 | J35: 10866 | K35: 16378 | L35: 93 | M35: HCMF WAG | N35: HCMF NON-WAG | O35: 32 | P35: =O35*C35/100 -> 10.464
A36: D35 | B36: C2B1 | C36: 56.3 | D36: 21.5 | E36: 12.1 | F36: 20 | G36: 65 | H36: 58.5 | I36: 18202 | J36: 13790 | K36: 23992 | L36: 113 | M36: WFLD | N36: HCMF WAG, HCMF NON-WAG, IGAS-CO2, IGAS-N2 | O36: 35 | P36: =O36*C36/100 -> 19.705
A37: D35 | B37: C2B2 | C37: 145.8 | D37: 29.7 | E37: 43.3 | F37: 20 | G37: 65 | H37: 48.5 | I37: 18202 | J37: 11721 | K37: 23992 | L37: 113 | M37: HCMF WAG | N37: HCMF NON-WAG | O37: 17 | P37: =O37*C37/100 -> 24.786
A38: SIWA | B38: J-5/9 | C38: 22 | D38: 27.3 | E38: 6 | F38: 18.5 | G38: 57 | H38: 43.5 | I38: 13886 | J38: 13865 | K38: 19147 | L38: 68 | M38: HCMF WAG | N38: HCMF NON-WAG | O38: 25 | P38: =O38*C38/100 -> 5.5

Sheet Table_3_2_Peninsular_Msia
A1: Field | B1: Reservoir | C1: STOIIP_MMSTB | D1: Most_Suitable_Process | E1: Incremental_EUR_pct_OOIP | F1: Incremental_EUR_MMSTB
A2: Dulang | B2: E 10/11 | C2: 137.61 | D2: HCMF WAG | E2: 19 | F2: 26
A3: Dulang | B3: E 12/13 | C3: 235.12 | D3: HCMF WAG | E3: 17 | F3: 40
A4: Dulang | B4: E 14 | C4: 86.93 | D4: HCMF WAG | E4: 9 | F4: 8
A5: Dulang | B5: E 7 | C5: 124.1 | D5: HCMF WAG | E5: 14 | F5: 17
A6: Semangkok | B6: E-6/16 | C6: 96.1 | D6: HORZ-PR | E6: 3 | F6: 3
A7: East Bunga Kekwa | B7: I-115 | C7: 53.8 | D7: HCMF WAG | E7: 50 | F7: 27
A8: West Bunga Kekwa | B8: I-90 | C8: 61.36 | D8: HORZ -BW | E8: 33 | F8: 20
A9: Kepong | B9: J-18/20 | C9: 44.05 | D9: CO2M WAG | E9: 27 | F9: 12
A10: Tinggi | B10: J-18/20 | C10: 98.45 | D10: CO2M WAG | E10: 5 | F10: 5
A11: Tiong | B11: J20/21 | C11: 248 | D11: CO2M WAG | E11: 23 | F11: 58
A12: West Bunga Kekwa | B12: J-60 | C12: 17.13 | D12: CO2M WAG | E12: 35 | F12: 6
A13: East Bunga Kekwa | B13: J-70 | C13: 9.6 | D13: HCMF WAG | E13: 31 | F13: 3
... A23: Tapis | B23: Upper J | C23: 145.2 | D23: CO2M WAG | E23: 18 | F23: 27

Sheet Tidy_All
A1: Dataset | B1: Formulation | C1: Figure | D1: Page | E1: Validated | F1: Phase | G1: TDS_wt_pct | H1: Solubilization_cc_per_cc | I1: Intersection | J1: TypeIIIRegion_Min | K1: TypeIIIRegion_Max | L1: MarkerType | M1: MarkerValue | N1: Material | O1: Temperature_C | P1: DaysInOven | Q1: Viscosity_cP
A2: PhaseBehavior | B2: 11 | C2: 4 | D2: 18 | E2: Y | F2: oil | G2: 18 | H2: 1.611309
A3: PhaseBehavior | B3: 11 | C3: 4 | D3: 18 | E3: Y | F3: oil | G3: 12.55 | H3: 2.1366874
A4: PhaseBehavior | B4: 11 | C4: 4 | D4: 18 | E4: Y | F4: oil | G4: 8.3282675 | H4: 2.6576135
A5: PhaseBehavior | B5: 11 | C5: 4 | D5: 18 | E5: Y | F5: oil | G5: 4 | H5: 3.1651825
A6: PhaseBehavior | B6: 11 | C6: 4 | D6: 18 | E6: Y | F6: oil | G6: 2.95 | H6: 3.68
A7: PhaseBehavior | B7: 11 | C7: 4 | D7: 18 | E7: Y | F7: oil | G7: 2 | H7: 5.199911
A8: PhaseBehavior | B8: 11 | C8: 4 | D8: 18 | E8: Y | F8: water | G8: 3.2218845 | H8: 2.6576135
A9: PhaseBehavior | B9: 11 | C9: 4 | D9: 18 | E9: Y | F9: water | G9: 6.5045593 | H9: 3.1696349
A10: PhaseBehavior | B10: 11 | C10: 4 | D10: 18 | E10: Y | F10: water | G10: 9.5744681 | H10: 3.6861086
A11: PhaseBehavior | B11: 11 | C11: 4 | D11: 18 | E11: Y | F11: water | G11: 15.2 | H11: 4.1892253
A12: PhaseBehavior | B12: 11 | C12: 4 | D12: 18 | E12: Y | F12: water | G12: 20 | H12: 4.6967943
A13: PhaseBehavior | B13: 11 | C13: 4 | D13: 18 | E13: Y | F13: water | G13: 0.51671733 | H13: 5.6941229
... A263: PhaseBehavior | B263: 44 | C263: 28 | D263: 30 | E263: Y | F263: water | G263: 0.56379822 | H263: 5.2043478
A264: PhaseBehavior | B264: 7 | C264: 2 | D264: 17 | F264: oil | G264: 17 | H264: 0.5 | I264: 4.9 | J264: 3.9 | K264: 5.5
A265: PhaseBehavior | B265: 7 | C265: 2 | D265: 17 | F265: oil | G265: 8.2 | H265: 1.1 | I265: 4.9 | J265: 3.9 | K265: 5.5
A266: PhaseBehavior | B266: 7 | C266: 2 | D266: 17 | F266: oil | G266: 19 | H266: 1.6 | I266: 4.9 | J266: 3.9 | K266: 5.5
A267: PhaseBehavior | B267: 7 | C267: 2 | D267: 17 | F267: oil | G267: 6 | H267: 2.1 | I267: 4.9 | J267: 3.9 | K267: 5.5
A268: PhaseBehavior | B268: 7 | C268: 2 | D268: 17 | F268: oil | G268: 2.5 | H268: 3.2 | I268: 4.9 | J268: 3.9 | K268: 5.5
A269: PhaseBehavior | B269: 7 | C269: 2 | D269: 17 | F269: oil | G269: 3.9 | H269: 4.2 | I269: 4.9 | J269: 3.9 | K269: 5.5
A270: PhaseBehavior | B270: 7 | C270: 2 | D270: 17 | F270: oil | G270: 9.5 | H270: 5.2 | I270: 4.9 | J270: 3.9 | K270: 5.5
A271: PhaseBehavior | B271: 7 | C271: 2 | D271: 17 | F271: oil | G271: 13 | H271: 0 | I271: 4.9 | J271: 3.9 | K271: 5.5
A272: PhaseBehavior | B272: 7 | C272: 2 | D272: 17 | F272: water | G272: 0.1 | H272: 5.2 | I272: 4.9 | J272: 3.9 | K272: 5.5
A273: PhaseBehavior | B273: 7 | C273: 2 | D273: 17 | F273: water | G273: 0.2 | H273: 4.7 | I273: 4.9 | J273: 3.9 | K273: 5.5
A274: PhaseBehavior | B274: 7 | C274: 2 | D274: 17 | F274: water | G274: 1 | H274: 5.5 | I274: 4.9 | J274: 3.9 | K274: 5.5
A275: PhaseBehavior | B275: 7 | C275: 2 | D275: 17 | F275: water | G275: 1.8 | H275: 2.7 | I275: 4.9 | J275: 3.9 | K275: 5.5
... A279: PhaseBehavior | B279: 7 | C279: 2 | D279: 17 | F279: water | G279: 20 | H279: 0 | I279: 4.9 | J279: 3.9 | K279: 5.5
A280: PhaseBehavior | B280: 9 | C280: 3 | D280: 18 | F280: oil | G280: 18 | H280: 0.5
A281: PhaseBehavior | B281: 9 | C281: 3 | D281: 18 | F281: oil | G281: 11 | H281: 1.1
A282: PhaseBehavior | B282: 9 | C282: 3 | D282: 18 | F282: oil | G282: 7 | H282: 1.6
A283: PhaseBehavior | B283: 9 | C283: 3 | D283: 18 | F283: oil | G283: 5 | H283: 2.1
A284: PhaseBehavior | B284: 9 | C284: 3 | D284: 18 | F284: oil | G284: 2.5 | H284: 2.7
A285: PhaseBehavior | B285: 9 | C285: 3 | D285: 18 | F285: oil | G285: 1.5 | H285: 4.7
A286: PhaseBehavior | B286: 9 | C286: 3 | D286: 18 | F286: water | G286: 3 | H286: 2.1
A287: PhaseBehavior | B287: 9 | C287: 3 | D287: 18 | F287: water | G287: 4.5 | H287: 2.6
A288: PhaseBehavior | B288: 9 | C288: 3 | D288: 18 | F288: water | G288: 6.5 | H288: 3.2
A289: PhaseBehavior | B289: 9 | C289: 3 | D289: 18 | F289: water | G289: 11 | H289: 3.7
A290: PhaseBehavior | B290: 9 | C290: 3 | D290: 18 | F290: water | G290: 14 | H290: 4.2
A291: PhaseBehavior | B291: 9 | C291: 3 | D291: 18 | F291: water | G291: 1 | H291: 5.2
A292: Viscosity | C292: 29 | D292: 30 | N292: Superpusher | O292: 120 | P292: 3.2107023 | Q292: 41.990741
A293: Viscosity | C293: 29 | D293: 30 | N293: Superpusher | O293: 120 | P293: 3.3311037 | Q293: 41.990741
A294: Viscosity | C294: 29 | D294: 30 | N294: Superpusher | O294: 120 | P294: 3.4314381 | Q294: 41.990741
A295: Viscosity | C295: 29 | D295: 30 | N295: Superpusher | O295: 120 | P295: 3.451505 | Q295: 28.009259
A296: Viscosity | C296: 29 | D296: 30 | N296: Superpusher | O296: 120 | P296: 3.6220736 | Q296: 27.962963
A297: Viscosity | C297: 29 | D297: 30 | N297: Superpusher | O297: 120 | P297: 3.6521739 | Q297: 27.962963
A298: Viscosity | C298: 29 | D298: 30 | N298: Superpusher | O298: 120 | P298: 3.6822742 | Q298: 20.925926
A299: Viscosity | C299: 29 | D299: 30 | N299: Superpusher | O299: 120 | P299: 3.7123746 | Q299: 20.925926
A300: Viscosity | C300: 29 | D300: 30 | N300: Superpusher | O300: 120 | P300: 3.7826087 | Q300: 20.925926
A301: Viscosity | C301: 29 | D301: 30 | N301: Superpusher | O301: 120 | P301: 4.0133779 | Q301: 13.981481
A302: Viscosity | C302: 29 | D302: 30 | N302: Superpusher | O302: 120 | P302: 4.0635452 | Q302: 13.981481
A303: Viscosity | C303: 29 | D303: 30 | N303: Superpusher | O303: 120 | P303: 4.1438127 | Q303: 13.935185
... A328: Viscosity | C328: 30 | D328: 30 | N328: Polymer A | O328: 120 | P328: 42 | Q328: 4.0946166

Sheet Phase_Points
A1: Formulation | B1: Figure | C1: Page | D1: Validated | E1: Phase | F1: TDS_wt_pct | G1: Solubilization_cc_per_cc | H1: Intersection | I1: TypeIIIRegion_Min | J1: TypeIIIRegion_Max
A2: 11 | B2: 4 | C2: 18 | D2: Y | E2: oil | F2: 18 | G2: 1.611309
A3: 11 | B3: 4 | C3: 18 | D3: Y | E3: oil | F3: 12.55 | G3: 2.1366874
A4: 11 | B4: 4 | C4: 18 | D4: Y | E4: oil | F4: 8.3282675 | G4: 2.6576135
A5: 11 | B5: 4 | C5: 18 | D5: Y | E5: oil | F5: 4 | G5: 3.1651825
A6: 11 | B6: 4 | C6: 18 | D6: Y | E6: oil | F6: 2.95 | G6: 3.68
A7: 11 | B7: 4 | C7: 18 | D7: Y | E7: oil | F7: 2 | G7: 5.199911
A8: 11 | B8: 4 | C8: 18 | D8: Y | E8: water | F8: 3.2218845 | G8: 2.6576135
A9: 11 | B9: 4 | C9: 18 | D9: Y | E9: water | F9: 6.5045593 | G9: 3.1696349
A10: 11 | B10: 4 | C10: 18 | D10: Y | E10: water | F10: 9.5744681 | G10: 3.6861086
A11: 11 | B11: 4 | C11: 18 | D11: Y | E11: water | F11: 15.2 | G11: 4.1892253
A12: 11 | B12: 4 | C12: 18 | D12: Y | E12: water | F12: 20 | G12: 4.6967943
A13: 11 | B13: 4 | C13: 18 | D13: Y | E13: water | F13: 0.51671733 | G13: 5.6941229
... A263: 44 | B263: 28 | C263: 30 | D263: Y | E263: water | F263: 0.56379822 | G263: 5.2043478
A264: 7 | B264: 2 | C264: 17 | E264: oil | F264: 17 | G264: 0.5 | H264: 4.9 | I264: 3.9 | J264: 5.5
A265: 7 | B265: 2 | C265: 17 | E265: oil | F265: 8.2 | G265: 1.1 | H265: 4.9 | I265: 3.9 | J265: 5.5
A266: 7 | B266: 2 | C266: 17 | E266: oil | F266: 19 | G266: 1.6 | H266: 4.9 | I266: 3.9 | J266: 5.5
A267: 7 | B267: 2 | C267: 17 | E267: oil | F267: 6 | G267: 2.1 | H267: 4.9 | I267: 3.9 | J267: 5.5
A268: 7 | B268: 2 | C268: 17 | E268: oil | F268: 2.5 | G268: 3.2 | H268: 4.9 | I268: 3.9 | J268: 5.5
A269: 7 | B269: 2 | C269: 17 | E269: oil | F269: 3.9 | G269: 4.2 | H269: 4.9 | I269: 3.9 | J269: 5.5
A270: 7 | B270: 2 | C270: 17 | E270: oil | F270: 9.5 | G270: 5.2 | H270: 4.9 | I270: 3.9 | J270: 5.5
A271: 7 | B271: 2 | C271: 17 | E271: oil | F271: 13 | G271: 0 | H271: 4.9 | I271: 3.9 | J271: 5.5
A272: 7 | B272: 2 | C272: 17 | E272: water | F272: 0.1 | G272: 5.2 | H272: 4.9 | I272: 3.9 | J272: 5.5
A273: 7 | B273: 2 | C273: 17 | E273: water | F273: 0.2 | G273: 4.7 | H273: 4.9 | I273: 3.9 | J273: 5.5
A274: 7 | B274: 2 | C274: 17 | E274: water | F274: 1 | G274: 5.5 | H274: 4.9 | I274: 3.9 | J274: 5.5
A275: 7 | B275: 2 | C275: 17 | E275: water | F275: 1.8 | G275: 2.7 | H275: 4.9 | I275: 3.9 | J275: 5.5
... A279: 7 | B279: 2 | C279: 17 | E279: water | F279: 20 | G279: 0 | H279: 4.9 | I279: 3.9 | J279: 5.5
A280: 9 | B280: 3 | C280: 18 | E280: oil | F280: 18 | G280: 0.5
A281: 9 | B281: 3 | C281: 18 | E281: oil | F281: 11 | G281: 1.1
A282: 9 | B282: 3 | C282: 18 | E282: oil | F282: 7 | G282: 1.6
A283: 9 | B283: 3 | C283: 18 | E283: oil | F283: 5 | G283: 2.1
A284: 9 | B284: 3 | C284: 18 | E284: oil | F284: 2.5 | G284: 2.7
A285: 9 | B285: 3 | C285: 18 | E285: oil | F285: 1.5 | G285: 4.7
A286: 9 | B286: 3 | C286: 18 | E286: water | F286: 3 | G286: 2.1
A287: 9 | B287: 3 | C287: 18 | E287: water | F287: 4.5 | G287: 2.6
A288: 9 | B288: 3 | C288: 18 | E288: water | F288: 6.5 | G288: 3.2
A289: 9 | B289: 3 | C289: 18 | E289: water | F289: 11 | G289: 3.7
A290: 9 | B290: 3 | C290: 18 | E290: water | F290: 14 | G290: 4.2
A291: 9 | B291: 3 | C291: 18 | E291: water | F291: 1 | G291: 5.2

Sheet Phase Behavior Results
C2: Formulation 7. Figure 2 . Page 17
C3: repeat this | D3: repeat this
C4: oil | D4: oil | E4: water | F4: water
C5: X axis | D5: Y axis | E5: X axis | F5: Y axis
A6: Page | B6: Formulation | C6: Total Dissolved Solid ( TDS) (wt%) | D6: Solubilization Ratio ( cc/cc) | E6: Total Dissolved Solid ( TDS) (wt%) | F6: Solubilization Ratio ( cc/cc)
A7: 17 | B7: Formulation 7 | C7: 0.5 | D7: 0.1 | E7: 5.2 | F7: 8.2
C8: 1.1 | D8: 0.2 | E8: 4.7 | F8: 19
C9: 1.6 | D9: 1 | E9: 5.5 | F9: 6
C10: 2.1 | D10: 1.8
C11: 2.7 | D11: 2.5
C12: 3.2 | D12: 2.6
C13: 3.7 | D13: 3.9
C14: 4.2 | D14: 5.8
C15: 4.7 | D15: 9.5
C16: 5.2 | D16: 13.9
B17: Intersection | C17: 4.9 | D17: 0
B18: Intersection | C18: 4.9 | D18: 13
B19: Type III Region_Min | C19: 3.9 | D19: 0
B20: Type III Region_Min | C20: 3.9 | D20: 20
B21: Type III Region_Max | C21: 5.5 | D21: 0
B22: Type III Region_Max | C22: 5.5 | D22: 20
C24: Formulation 9. Figure 3 . Page 18
C25: repeat this | D25: repeat this
C26: oil | D26: oil | E26: water | F26: water
C27: X axis | D27: Y axis | E27: X axis | F27: Y axis
A28: Page | B28: Formulation | C28: Total Dissolved Solid ( TDS) (wt%) | D28: Solubilization Ratio ( cc/cc) | E28: Total Dissolved Solid ( TDS) (wt%) | F28: Solubilization Ratio ( cc/cc)
A29: 18 | B29: Formulation 9 | C29: 0.5 | D29: 3 | E29: 2.1 | F29: 11
C30: 1.1 | D30: 4.5 | E30: 2.6 | F30: 7
C31: 1.6 | D31: 6.5 | E31: 3.2 | F31: 5
C32: 2.1 | D32: 11 | E32: 3.7 | F32: 2.5
C33: 2.7 | D33: 14 | E33: 4.2 | F33: 1.5
E34: 4.7 | F34: 1
E35: 5.2 | F35: 0.5
C41: Formulation 11. Figure 4 . Page 18 | F41: [VALIDATED]
C42: repeat this | D42: repeat this
C43: oil | D43: oil | E43: water | F43: water
C44: X axis | D44: Y axis | E44: X axis | F44: Y axis
A45: Page | B45: Formulation | C45: Total Dissolved Solid ( TDS) (wt%) | D45: Solubilization Ratio ( cc/cc) | E45: Total Dissolved Solid ( TDS) (wt%) | F45: Solubilization Ratio ( cc/cc)
A46: 18 | B46: Formulation 11 | C46: 1.611309 | D46: 3.2218845 | E46: 2.6576135 | F46: 12.55
C47: 2.1366874 | D47: 6.5045593 | E47: 3.1696349 | F47: 8.3282675
C48: 2.6576135 | D48: 9.5744681 | E48: 3.6861086 | F48: 4
C49: 3.1651825 | D49: 15.2 | E49: 4.1892253 | F49: 2.95
C50: 3.68 | D50: 20 | E50: 4.6967943 | F50: 2
E51: 5.199911 | F51: 0.51671733
E52: 5.6941229 | F52: 1.0030395
E53: 6.1883348 | F53: 1
C58: Formulation 11. Figure 5 . Page 19 | F58: [VALIDATED]
C59: repeat this | D59: repeat this
C60: oil | D60: oil | E60: water | F60: water
C61: X axis | D61: Y axis | E61: X axis | F61: Y axis
A62: Page | B62: Formulation | C62: Total Dissolved Solid ( TDS) (wt%) | D62: Solubilization Ratio ( cc/cc) | E62: Total Dissolved Solid ( TDS) (wt%) | F62: Solubilization Ratio ( cc/cc)
A63: 19 | B63: Formulation 11 | C63: 1.606383 | D63: 2.8355958 | E63: 3.67 | F63: 15.082956
C64: 2.13 | D64: 4.3 | E64: 4.18 | F64: 9.653092
C65: 2.6569149 | D65: 4.2533937 | E65: 4.695922 | F65: 7.1493213
C66: 3.16 | D66: 5.62 | E66: 5.1923759 | F66: 5.6108597
C67: 3.68 | D67: 5.8220211 | E67: 5.69 | F67: 1.4479638
C68: 4.1861702 | D68: 10.135747 | E68: 6.18 | F68: 0.93514329
C69: 4.675 | D69: 15.3
C75: Formulation 15. Figure 6 . Page 19 | F75: [VALIDATED]
C76: repeat this | D76: repeat this
C77: oil | D77: oil | E77: water | F77: water
C78: X axis | D78: Y axis | E78: X axis | F78: Y axis
A79: Page | B79: Formulation | C79: Total Dissolved Solid ( TDS) (wt%) | D79: Solubilization Ratio ( cc/cc) | E79: Total Dissolved Solid ( TDS) (wt%) | F79: Solubilization Ratio ( cc/cc)
A80: 19 | B80: Formulation 15 | C80: 0.0001 | D80: 0.95 | E80: 1.61 | F80: 17.85
C81: 0.54298643 | D81: 1.4197531 | E81: 2.135 | F81: 11.8
C82: 1.0769231 | D82: 5.85 | E82: 2.66 | F82: 2.925
C83: 1.605 | D83: 18.9 | E83: 3.1764706 | F83: 1.425
E84: 3.6877828 | F84: 0.5
E85: 4.195 | F85: 0.5
E86: 4.705 | F86: 0.001
C92: Formulation 16. Figure 7 . Page 20 | F92: [VALIDATED]
C93: repeat this | D93: repeat this
C94: oil | D94: oil | E94: water | F94: water
C95: X axis | D95: Y axis | E95: X axis | F95: Y axis
A96: Page | B96: Formulation | C96: Total Dissolved Solid ( TDS) (wt%) | D96: Solubilization Ratio ( cc/cc) | E96: Total Dissolved Solid ( TDS) (wt%) | F96: Solubilization Ratio ( cc/cc)
A97: 20 | B97: Formulation 16 | C97: 0.53717472 | D97: 1 | E97: 4.7 | F97: 19.1
C98: 1.0715613 | D98: 1.3291139 | E98: 5.2 | F98: 2.5158228
C99: 1.6013011 | D99: 3.7025316
C100: 2.14 | D100: 4.6993671
C101: 2.651487 | D101: 6.1708861
C102: 3.1765799 | D102: 6.2183544
C103: 3.7 | D103: 8.971519
C104: 4.1942379 | D104: 15.28481
C109: Formulation 17. Figure 8 . Page 20 | F109: [VALIDATED]
C110: repeat this | D110: repeat this
C111: oil | D111: oil | E111: water | F111: water
C112: X axis | D112: Y axis | E112: X axis | F112: Y axis
A113: Page | B113: Formulation | C113: Total Dissolved Solid ( TDS) (wt%) | D113: Solubilization Ratio ( cc/cc) | E113: Total Dissolved Solid ( TDS) (wt%) | F113: Solubilization Ratio ( cc/cc)
A114: 20 | B114: Formulation 17 | C114: 0.54 | D114: 0.85 | E114: 3.6826241 | F114: 13.95
C115: 1.0806738 | D115: 1.35 | E115: 4.1923759 | F115: 7.55
C116: 1.6 | D116: 1.85 | E116: 4.6932624 | F116: 4.3
C117: 2.1312057 | D117: 2.85 | E117: 5.1985816 | F117: 3.2980333
C118: 2.6586879 | D118: 3.7
C119: 3.175 | D119: 6.05
C120: 3.6870567 | D120: 8.65
C121: 4.1923759 | D121: 10.9
C122: 4.6843972 | D122: 16.35
C126: Formulation 18. Figure 9 . Page 21 | F126: [VALIDATED]
C127: repeat this | D127: repeat this
C128: oil | D128: oil | E128: water | F128: water
...

Sheet IFT_poly_F
A1: # | B1: Polymer | C1: IFT low dyne/cm | D1: IFT high dyne/cm | E1: Year
A2: 1 | B2: Superfloc BD319_2013 | C2: 0.3591 | D2: 0.01 | E2: 2013
A3: 2 | B3: Flopaam 3430S_2013 | C3: 0.3661 | D3: 0.01 | E3: 2013
A4: 3 | B4: Alcoflood 1285 REL | C4: 0.3769 | D4: 0.01 | E4: 2013
A5: 4 | B5: Superfloc BD274 | C5: 0.3852 | D5: 0.01 | E5: 2013
A6: 5 | B6: Alcoflood 1275A | C6: 0.4155 | D6: 0.01 | E6: 2013
A7: 6 | B7: Magnafloc 358 | C7: 0.4175 | D7: 0.01 | E7: 2013
A8: 7 | B8: Flopaam 3330S | C8: 0.4506 | D8: 0.01 | E8: 2013
A9: 8 | B9: AN 125 | C9: 0.4653 | D9: 0.01 | E9: 2013
A10: 9 | B10: 9 Superfloc BD317 | C10: 0.4655 | D10: 0.01 | E10: 2013
A11: 10 | B11: 10 Flopaam 3630S | C11: 0.4868 | D11: 0.01 | E11: 2013
A12: 11 | B12: 11 Superfloc BD318 | C12: 0.5138 | D12: 0.01 | E12: 2013
A13: 12 | B13: 12 Cynatrol 720H | C13: 0.5578 | D13: 0.01 | E13: 2013
... A15: 14 | B15: 14 Alcoflood 1235 | C15: 0.6555 | D15: 0.01 | E15: 2013

Sheet IFT_sur_F
A1: # | B1: Surfactant | C1: IFT low dyne/cm | D1: IFT high dyne/cm | E1: Year | F1: Pass Phase Behavior Test ?
A2: 1 | B2: Agent 2385-81A (S) | C2: 0.25 | D2: 1.69 | E2: 2003 | F2: Yes
A3: 2 | B3: Agent 2385-81B (S) | C3: 0 | D3: 0 | E3: 2003 | F3: No
A4: 3 | B4: Onyxide 200 MW/OF (S) | C4: 0 | D4: 0 | E4: 2003 | F4: Yes
A5: 4 | B5: Sample no. 6-82 (S) | C5: 0.08 | D5: 0.37 | E5: 2003 | F5: Yes
A6: 5 | B6: Sample no. 6-79 (S) | C6: 0.0025 | D6: 0.0945 | E6: 2003 | F6: Yes
A7: 6 | B7: Sample no. 6-77 (S) | C7: 0.035 | D7: 0.428 | E7: 2003 | F7: Yes
A8: 7 | B8: SS 6060 (S) | C8: 0.082 | D8: 0.613 | E8: 2003 | F8: Yes
A9: 8 | B9: SS 6066 (S) | C9: 0.07 | D9: 0.3 | E9: 2003 | F9: Yes
A10: 9 | B10: SS 6046 (S) | C10: 0.1 | D10: 0.66 | E10: 2003 | F10: Yes
A11: 10 | B11: ORS-43HF (S) | C11: 0 | D11: 0 | E11: 2003 | F11: No
A12: 11 | B12: ORS-46HF (S) | C12: 0 | D12: 0 | E12: 2003 | F12: No
A13: 12 | B13: ORS-64HF (S) | C13: 0 | D13: 0 | E13: 2003 | F13: No
... A68: 49 | B68: Formulation 46 : S3B + S3B (S+CS) | C68: 0 | D68: 0 | E68: 2013 | F68: No

Sheet PB_2003
B1: Year | C1: Number | D1: Formulation (A/S/P) | E1: Remarks | F1: Percipitation | G1: No Percepitation
B2: 2003 | C2: 1 | D2: Agent 2385-81A (S) + Superfloc BD319 (P) | F2: 0.53333333 | G2: 0.46666667
B3: 2003 | C3: 2 | D3: Agent 2385-81B (S) + Superfloc BD319 (P) | F3: 1 | G3: 0
B4: 2003 | C4: 3 | D4: Onyxide 200 MW/OF (S) + Superfloc BD319 (P) | F4: 1 | G4: 0
B5: 2003 | C5: 4 | D5: Sample no. 6-82 (S) + Superfloc BD319 (P) | F5: 0.33333333 | G5: 0.66666667
B6: 2003 | C6: 5 | D6: Sample no. 6-79(S) + Superfloc BD319 (P) | F6: 0.13333333 | G6: 0.86666667
B7: 2003 | C7: 6 | D7: Sample no. 6-77(S) + Superfloc BD319 (P) | F7: 0.33333333 | G7: 0.66666667
B8: 2003 | C8: 7 | D8: SS 6060(S) + Superfloc BD319 (P) | F8: 0.33333333 | G8: 0.66666667
B9: 2003 | C9: 8 | D9: SS 6066(S) + Superfloc BD319 (P) | F9: 0 | G9: 1
B10: 2003 | C10: 9 | D10: SS 6046 (S) + Superfloc BD319 (P) | F10: 0.26666667 | G10: 0.73333333
B11: 2003 | C11: 10 | D11: ORS-43HF(S) + Superfloc BD319 (P) | F11: 1 | G11: 0
B12: 2003 | C12: 11 | D12: ORS-46HF(S) + Superfloc BD319 (P) | F12: 1 | G12: 0
B13: 2003 | C13: 12 | D13: ORS-64HF(S) + Superfloc BD319 (P) | F13: 1 | G13: 0
... B15: 2003 | C15: 14 | D15: Petronate EOR-2037 (S) + Superfloc BD319 (P) | F15: 1 | G15: 0

Sheet PB_2013_A
B1: Year | C1: Number | D1: Formulation (A/S/P) | E1: Remarks | F1: Percipitation | G1: No Percepitation
B2: 2013 | C2: 1 | D2: 6-72 (S) & NaOH (A)(i35LW) | F2: 0.125 | G2: 0.875
B3: 2013 | C3: 2 | D3: 6-72 (S) & Na2CO3 (A) (i35LW) | F3: 0.083333333 | G3: 0.91666667
B4: 2013 | C4: 3 | D4: 6-72 (S) & NaOH (A) (i68) | F4: 0.70833333 | G4: 0.29166667
B5: 2013 | C5: 4 | D5: 6-72(S) & Na2CO3 (A) (i68) | F5: 0 | G5: 1

Sheet PB_2013_S
B1: Year | C1: Number | D1: Formulation (A/S/P) | E1: Remarks | F1: Percipitation | G1: No Percepitation
B2: 2013 | C2: 1 | D2: Formulation 1 : S3B + S1 (S+CS) | F2: 1 | G2: 0
B3: 2013 | C3: 2 | D3: Formulation 2 : S3B + S2 (S+CS) | E3: No interaction surfactant and oil | F3: 1 | G3: 0
B4: 2013 | C4: 3 | D4: Formulation 3 : C8 + S2 (S+CS) | E4: No interaction surfactant and oil | F4: 1 | G4: 0
B5: 2013 | C5: 4 | D5: Formulation 4 : M2 + S2 (S+CS) | E5: No interaction surfactant and oil | F5: 1 | G5: 0
B6: 2013 | C6: 5 | D6: Formulation 5 : A6 + S2 (S+CS) | E6: No interaction surfactant and oil | F6: 1 | G6: 0
B7: 2013 | C7: 6 | D7: Formulation 6 : C1 + S2 (S+CS) | E7: No interaction surfactant and oil | F7: 1 | G7: 0
B8: 2013 | C8: 7 | D8: Formulation 7 : M2 + S3B (S+CS) | E8: Cloudy | F8: 1 | G8: 0
B9: 2013 | C9: 8 | D9: Formulation 8 : C8 + S3B (S+CS) | E9: No interaction surfactant and oil | F9: 1 | G9: 0
B10: 2013 | C10: 9 | D10: Formulation 9 : M2 + S3B (S+CS) | E10: Cloudy | F10: 1 | G10: 0
B11: 2013 | C11: 10 | D11: Formulation 10 : M2 + S3B (S+CS) | E11: No interaction surfactant and oil | F11: 1 | G11: 0
B12: 2013 | C12: 11 | D12: Formulation 1 : M2 + S3B (S+CS) | E12: Cloudy | F12: 1 | G12: 0
B13: 2013 | C13: 12 | D13: Formulation 12 : M2 + S3B (S+CS) | E13: Cloudy | F13: 1 | G13: 0
B14: 2013 | C14: 13 | D14: Formulation 13 : M2 + S3B (S+CS) | E14: No interaction surfactant and oil | F14: 1 | G14: 0
... B40: 2013 | C40: 40 | D40: Formulation 40 : M2 + S3B (S+CS) | E40: Macro emulsion | F40: 0.5 | G40: 0.5
B41: 2013 | C41: 40 #2 | D41: Formulation 40#2 : M2 + S3B (S+CS) | E41: Type III. Pass | F41: 0.5 | G41: 0.5
B42: 2013 | C42: 40 #3 | D42: Formulation 40#3 : M2 + S3B (S+CS) | E42: Type III. Pass | F42: 0.5 | G42: 0.5
B43: 2013 | C43: 41 | D43: Formulation 41 : M2 + S3B (S+CS) | E43: Type III. Pass | F43: 0.5 | G43: 0.5
B44: 2013 | C44: 42 | D44: Formulation 42 : M2 + S3B (S+CS) | E44: Type III. Pass | F44: 0.5 | G44: 0.5
B45: 2013 | C45: 43 | D45: Formulation 43 : M2 + S3B (S+CS) | E45: Pass | F45: 0 | G45: 1
B46: 2013 | C46: 43#2 | D46: Formulation 43#2 : M2 + S3B (S+CS) | E46: Pass | F46: 0 | G46: 1
B47: 2013 | C47: 43#3 | D47: Formulation 43#23 : M2 + S3B (S+CS) | E47: Pass | F47: 0 | G47: 1
B48: 2013 | C48: 44 | D48: Formulation 44 : M2 + S3B (S+CS) | E48: Macro emulsion | F48: 1 | G48: 0
B49: 2013 | C49: 45 | D49: Formulation 45 : SXS + S3B (S+CS) | E49: No interaction surfactant and oil | F49: 1 | G49: 0
B50: 2013 | C50: 46 | D50: Formulation 46 : S3B + S3B (S+CS) | E50: No interaction surfactant and oil | F50: 1 | G50: 0

Sheet PROP_updatedNov25_v2
A1: Remarks_Nis | B1: Field | C1: Reservoir | D1: Field & Reservoir | E1: STOIIP_ARPR 1.1.2025 | F1: Np_ARPR 1.1.2025 | G1: UR_ARPR 1.1.2025 | H1: EUR_ARPR 1.1.2026 | I1: RF_ARPR 1.1.2025 (calculated) | J1: RCI | K1: Benchmark RF (%) | L1: RF Gap =Benchmark RF - Field RF (%) | M1: RF Gap =Benchmark RF - Field RF (%) abs | N1: CR volume potential = RF Gap x STOIIP (MMSTB) | O1: Non producing reservoirs | P1: Reservoir Temperature (F) | Q1: # Idle Well (June 25) | R1: Temp (deg C) | S1: Oil API | T1: Gross Thickness (ft) | U1: Oil Column (ft) | V1: Avg Porosity | W1: Avg Permeability (mD) | X1: Oil Producers | Y1: Injected Fluid | Z1: Injectors | AA1: Historical Pressure Management | AB1: Gas cap m-ratio | AC1: Initial Reservoir Pressure (psi) | AD1: Bubble point (psi) | AE1: Initial Oil Saturation (Soi) | AF1: Oil FVF (Boi) | AG1: Oil Viscosity (cP) | AH1: Solution GOR (scf/bbl)
A2: done | B2: Alab Block 1 | C2: j3 | D2: j3 | E2: 3.62 | F2: 0.68135285 | G2: 0.68135285 | H2: 0.68135285 | I2: 18.821902 | J2: 56.612853 | K2: 42.779693 | L2: 23.957791 | M2: =IF(L2<0,0,L2) -> 23.957791 | N2: 0.86727204 | O2: PRODUCING | P2: 159 | R2: 70.555556 | S2: 28 | T2: 65 | U2: 55.2 | V2: 0.25 | W2: 1000 | X2: 1 | Y2: NONE | Z2: 0 | AA2: wellmanaged | AB2: 0 | AC2: 1923 | AD2: 1730 | AE2: 0.71 | AF2: 0.88 | AG2: 1.05 | AH2: 315
A3: done | B3: Alab Block 1 | C3: k5 | D3: k5 | E3: 4.29 | F3: 1.5482257 | G3: 1.5482257 | H3: 1.5482257 | I3: 36.089176 | J3: 56.626626 | K3: 42.775134 | L3: 6.685958 | M3: =IF(L3<0,0,L3) -> 6.685958 | N3: 0.2868276 | O3: PRODUCING | P3: 161 | R3: 71.666667 | S3: 30 | T3: 56 | U3: 43.5 | V3: 0.25 | W3: 2600 | X3: 2 | Y3: NONE | Z3: 0 | AA3: wellmanaged | AB3: 0 | AC3: 2113 | AD3: 1190 | AE3: 0.71 | AF3: 0.88 | AG3: 1.05 | AH3: 315
A4: done | B4: Angsi | C4: i-68_main | D4: ANGSI_i-68_main | E4: 230.6 | F4: 74.262301 | G4: 79.666099 | H4: 80.942712 | I4: 35.100916 | J4: 55.010921 | K4: 38.529838 | L4: 3.4289222 | M4: =IF(L4<0,0,L4) -> 3.4289222 | N4: 7.9070947 | O4: PRODUCING | P4: 118 | R4: 116.11111 | S4: 42 | T4: 30 | U4: 164 | V4: 0.21 | W4: 150 | X4: 12 | Y4: WAT | Z4: 9 | AA4: wellmanaged | AB4: 0.22 | AC4: 2517 | AD4: 2517 | AE4: 0.7 | AF4: 1.45 | AG4: 0.39 | AH4: 670
A5: done | B5: Angsi | C5: i-15l_south | D5: ANGSI_i-15l_south | E5: 43.7 | F5: 10.133526 | G5: 11.47226 | H5: 12.800666 | I5: 29.292142 | J5: 67.341216 | K5: 30.30162 | L5: 1.0094776 | M5: =IF(L5<0,0,L5) -> 1.0094776 | N5: 0.4411417 | O5: PRODUCING | P5: 215 | R5: 101.66667 | S5: 41.2 | T5: 16.405 | U5: 108 | V5: 0.22 | W5: 1000 | X5: 10 | Y5: WAT | Z5: 2 | AA5: poorlymanaged | AB5: 0.32 | AC5: 2335 | AD5: 2335 | AE5: 0.48 | AF5: 1.441 | AG5: 0.26 | AH5: 730
A6: Not updated | B6: Angsi | C6: i-40_main | D6: ANGSI_i-40_main | E6: 21.8 | F6: 4.8406011 | G6: 4.8622018 | H6: 4.8622018 | I6: 22.303678 | J6: 58.515373 | K6: 36.953471 | L6: 14.649793 | M6: =IF(L6<0,0,L6) -> 14.649793 | N6: 3.193655 | O6: PRODUCING | P6: 220 | R6: 104.44444 | S6: 43.9 | T6: 16.405 | U6: 43 | V6: 0.18 | W6: 250 | X6: 7 | Y6: WAT | Z6: 2 | AA6: wellmanaged | AB6: 1 | AC6: 2386 | AD6: 2386 | AE6: 0.65 | AF6: 1.53 | AG6: 0.31 | AH6: 685
A7: DONE | B7: Angsi | C7: i-45_west | D7: ANGSI_i-45_west | E7: 25.3 | F7: 3.8946448 | G7: 4.2706537 | H7: 5.8064449 | I7: 22.950375 | J7: 55.871351 | K7: 35.665513 | L7: 12.715138 | M7: =IF(L7<0,0,L7) -> 12.715138 | N7: 3.21693 | O7: PRODUCING | P7: 221 | R7: 105 | S7: 43.9 | T7: 19.686 | U7: 66 | V7: 0.16 | W7: 150 | X7: 4 | Y7: WAT | Z7: 2 | AA7: wellmanaged | AB7: 0.14 | AC7: 2386 | AD7: 2386 | AE7: 0.76 | AF7: 1.53 | AG7: 0.31 | AH7: 685
A8: Not updated | B8: Angsi | C8: i-35m_north | D8: ANGSI_i-35m_north | E8: 25.54 | F8: 7.6000675 | G8: 8.119785 | H8: 9.0921886 | I8: 35.599799 | J8: 51.058841 | K8: 40.296265 | L8: 4.6964664 | M8: =IF(L8<0,0,L8) -> 4.6964664 | N8: 1.1994775 | O8: PRODUCING | P8: 239 | R8: 115 | S8: 42 | T8: 36.091 | U8: 170 | V8: 0.19 | W8: 150 | X8: 6 | Y8: WAT | Z8: 1 | AA8: wellmanaged | AB8: 0.26 | AC8: 2341 | AD8: 2341 | AE8: 0.8 | AF8: 1.38 | AG8: 0.2 | AH8: 1000
A9: done | B9: Angsi | C9: i-27_northwest | D9: ANGSI_i-27_northwest | E9: 1.075 | F9: 0 | G9: 0 | H9: 0 | I9: 0 | J9: 44.464515 | K9: 41.538068 | L9: 41.538068 | M9: =IF(L9<0,0,L9) -> 41.538068 | N9: 0.44653423 | O9: NONPRODUCING | P9: 240 | R9: 115.55556 | S9: 41 | T9: 15.7488 | U9: 183 | V9: 0.183 | W9: 44 | X9: 0 | Y9: NONE | Z9: 0 | AA9: poorlymanaged | AB9: 47.5 | AC9: 2330 | AD9: 2330 | AE9: 0.75 | AF9: 1.46 | AG9: 0.44 | AH9: 0.642
A10: done | B10: Angsi | C10: i-27_south c | D10: ANGSI_i-27_south c | E10: 45.57 | F10: 14.282692 | G10: 15.643114 | H10: 16.453246 | I10: 36.105434 | J10: 53.370987 | K10: 39.028623 | L10: 2.923189 | M10: =IF(L10<0,0,L10) -> 2.923189 | N10: 1.3320972 | O10: PRODUCING | P10: 240 | R10: 115.55556 | S10: 41 | T10: 10.4992 | U10: 144 | V10: 0.234 | W10: 526 | X10: 4 | Y10: WAT | Z10: 1 | AA10: poorlymanaged | AB10: 0.3 | AC10: 2330 | AD10: 2330 | AE10: 0.8 | AF10: 1.44 | AG10: 0.44 | AH10: 0.642
A11: done | B11: Angsi | C11: i-27_south d | D11: ANGSI_i-27_south d | E11: 7.628 | F11: 1.7774671 | G11: 2.0382766 | H11: 2.5233984 | I11: 33.080734 | J11: 51.816489 | K11: 39.311307 | L11: 6.2305727 | M11: =IF(L11<0,0,L11) -> 6.2305727 | N11: 0.47526808 | O11: PRODUCING | P11: 240 | R11: 115.55556 | S11: 41 | T11: 14.1083 | U11: 108 | V11: 0.234 | W11: 526 | X11: 3 | Y11: NONE | Z11: 0 | AA11: poorlymanaged | AB11: 4.1 | AC11: 2330 | AD11: 2330 | AE11: 0.8 | AF11: 1.44 | AG11: 0.44 | AH11: 0.642
A12: stooip is updated | B12: Angsi | C12: i-27_west | D12: ANGSI_i-27_west | E12: 6.472 | F12: 1.7519002 | G12: 1.7519002 | H12: 1.7519002 | I12: 27.068915 | J12: 53.207356 | K12: 39.057666 | L12: 11.988751 | M12: =IF(L12<0,0,L12) -> 11.988751 | N12: 0.77591197 | O12: PRODUCING | P12: 240 | R12: 115.55556 | S12: 41 | T12: 11.1554 | U12: 72 | V12: 0.237 | W12: 524 | X12: 1 | Y12: WAT | Z12: 1 | AA12: poorlymanaged | AB12: 0.7 | AC12: 2330 | AD12: 2330 | AE12: 0.8 | AF12: 1.44 | AG12: 0.44 | AH12: 0.642
A13: done | B13: Angsi | C13: i-35l_west | D13: ANGSI_i-35l_west | E13: 228.13 | F13: 122.74835 | G13: 131.73264 | H13: 133.26634 | I13: 58.41684 | J13: 52.895346 | K13: 39.996934 | L13: -18.419906 | M13: =IF(L13<0,0,L13) -> 0 | N13: 0 | O13: PRODUCING | P13: 241 | R13: 116.11111 | S13: 42 | T13: 49.215 | U13: 236 | V13: 0.25 | W13: 700 | X13: 16 | Y13: WAT | Z13: 10 | AA13: wellmanaged | AB13: 0.03 | AC13: 2345 | AD13: 2345 | AE13: 0.78 | AF13: 1.385 | AG13: 0.45 | AH13: 0.54
... A198: done | B198: D12 | C198: zone-5-103_103 | D198: zone-5-103_103 | E198: 6.2 | F198: 0 | G198: 0 | H198: 0 | I198: 0 | J198: 43.139441 | K198: 46.288622 | L198: 46.288622 | M198: =IF(L198<0,0,L198) -> 46.288622 | N198: 2.8698946 | O198: NONPRODUCING | P198: 250 | R198: 121.11111 | S198: 30.5 | T198: 420 | U198: 45 | V198: 0.279 | W198: 158 | X198: 1 | Y198: NONE | Z198: 0 | AA198: poorlymanaged | AB198: 7 | AC198: 3025 | AD198: 2907 | AE198: 0.735 | AF198: 1.3 | AG198: 0.56 | AH198: 421
A199: done | B199: D18 | C199: m10/m20_r32 | D199: D18_m10/m20_r32 | E199: 14.65347 | F199: 1.9201894 | G199: 2.0051746 | H199: 2.0051746 | I199: 13.683957 | J199: 52.432422 | K199: 38.654956 | L199: 24.970999 | M199: =IF(L199<0,0,L199) -> 24.970999 | N199: 3.6591178 | O199: PRODUCING | P199: 190 | Q199: 1 | R199: 87.777778 | S199: 38.4 | T199: 14.3 | U199: 383 | V199: 0.155 | W199: 111 | X199: 4 | Y199: WAT | Z199: 1 | AA199: poorlymanaged | AB199: 0.29 | AC199: 1759 | AD199: 1744 | AE199: 0.8 | AF199: 1.349 | AG199: 0.35 | AH199: 550
A200: done | B200: D18 | C200: cii_top/ul40/41/42/45/m10/20_46-85 | D200: cii_top/ul40/41/42/45/m10/20_46-85 | E200: 14.12345 | F200: 0 | G200: 0 | H200: 0 | I200: 0 | J200: 73.595768 | K200: 32.189138 | L200: 32.189138 | M200: =IF(L200<0,0,L200) -> 32.189138 | N200: 4.5462168 | O200: NONPRODUCING | P200: 195 | R200: 90.555556 | S200: 40.850792 | T200: 110 | U200: 13 | V200: 0.28 | W200: 800 | X200: 0 | Y200: NONE | Z200: 0 | AA200: poorlymanaged | AB200: 0 | AC200: 1759 | AD200: 1759 | AE200: 0.4 | AF200: 1.349 | AG200: 0.31 | AH200: 522.3
A201: no entry in ARPR | B201: D18 | C201: cii_top/ul40/41/42/45_45 | D201: cii_top/ul40/41/42/45_45 | E201: 23.62675 | F201: 1.6483294 | G201: 1.6921924 | H201: 1.6921924 | I201: 7.1621886 | J201: 73.751676 | K201: 29.669288 | L201: 22.5071 | M201: =IF(L201<0,0,L201) -> 22.5071 | N201: 5.3176962 | O201: PRODUCING | P201: 195 | R201: 90.555556 | S201: 40.850792 | T201: 80 | U201: 11 | V201: 0.173 | W201: 1800 | X201: 2 | Y201: NONE | Z201: 0 | AA201: poorlymanaged | AB201: 0 | AC201: 1759 | AD201: 1759 | AE201: 0.4 | AF201: 1.3091 | AG201: 0.31 | AH201: 492.6
A202: no entry in ARPR | B202: D18 | C202: m10/m20_7-21 | D202: m10/m20_7-21 | E202: 14.99248 | F202: 0.5493 | G202: 0.5493 | H202: 0.5493 | I202: 3.6638368 | J202: 52.989545 | K202: 37.917678 | L202: 34.253841 | M202: =IF(L202<0,0,L202) -> 34.253841 | N202: 5.1355002 | O202: PRODUCING | P202: 195 | R202: 90.555556 | S202: 40.850792 | T202: 8.4654401 | U202: 8.46498 | V202: 0.24 | W202: 800 | X202: 2 | Y202: NONE | Z202: 0 | AA202: poorlymanaged | AB202: 0.46546667 | AC202: 1759 | AD202: 1759 | AE202: 0.8 | AF202: 1.349 | AG202: 0.31 | AH202: 519.16667
A203: no entry in ARPR | B203: D18 | C203: m20/m24_58-59 | D203: m20/m24_58-59 | E203: 6.2832 | F203: 2.3642969 | G203: 2.3750429 | H203: 2.3750429 | I203: 37.799893 | J203: 52.714977 | K203: 39.250278 | L203: 1.4503848 | M203: =IF(L203<0,0,L203) -> 1.4503848 | N203: 0.091130578 | O203: PRODUCING | P203: 195 | R203: 90.555556 | S203: 38.4 | T203: 17.5 | U203: 375 | V203: 0.23 | W203: 134 | X203: 4 | Y203: NONE | Z203: 0 | AA203: wellmanaged | AB203: 0 | AC203: 1600 | AD203: 1744 | AE203: 0.8 | AF203: 1.349 | AG203: 0.35 | AH203: 550
A204: updated | B204: D18 | C204: m24_22 | D204: m24_22 | E204: 19.58762 | F204: 11.671225 | G204: 12.136539 | H204: 12.136539 | I204: 61.960252 | J204: 51.826404 | K204: 39.974201 | L204: -21.986051 | M204: =IF(L204<0,0,L204) -> 0 | N204: 0 | O204: PRODUCING | P204: 195 | R204: 90.555556 | S204: 40.850792 | T204: 48.667387 | U204: 5.1600122 | V204: 0.24 | W204: 786 | X204: 3 | Y204: WAT | Z204: 1 | AA204: fairlymanaged | AB204: 0 | AC204: 1759 | AD204: 1759 | AE204: 0.8 | AF204: 1.349 | AG204: 0.31 | AH204: 519.16667
A205: no entry in ARPR | B205: D18 | C205: m30/m34_49-56 | D205: m30/m34_49-56 | E205: 28.02289 | F205: 15.104202 | G205: 15.846549 | H205: 15.846549 | I205: 56.548589 | J205: 70.216953 | K205: 32.62339 | L205: -23.925199 | M205: =IF(L205<0,0,L205) -> 0 | N205: 0 | O205: PRODUCING | P205: 195 | R205: 90.555556 | S205: 40.850792 | T205: 91 | U205: 79 | V205: 0.188 | W205: 873 | X205: 4 | Y205: WAT | Z205: 1 | AA205: fairlymanaged | AB205: 0.02995 | AC205: 1759 | AD205: 1759 | AE205: 0.43 | AF205: 1.32605 | AG205: 0.31 | AH205: 523.05
A206: no entry in ARPR | B206: D18 | C206: m30/m34_r50-61 | D206: m30/m34_r50-61 | E206: 27.79089 | F206: 7.9963336 | G206: 8.685491 | H206: 8.685491 | I206: 31.253015 | J206: 52.320704 | K206: 39.71616 | L206: 8.4631449 | M206: =IF(L206<0,0,L206) -> 8.4631449 | N206: 2.3519833 | O206: PRODUCING | P206: 195 | R206: 90.555556 | S206: 38.4 | T206: 25 | U206: 383 | V206: 0.25 | W206: 324 | X206: 4 | Y206: WAT | Z206: 1 | AA206: poorlymanaged | AB206: 0 | AC206: 1850 | AD206: 1744 | AE206: 0.8 | AF206: 1.349 | AG206: 0.35 | AH206: 550
A207: done | B207: D18 | C207: m30_43 | D207: m30_43 | E207: 3.68112 | F207: 0 | G207: 0 | H207: 0 | I207: 0 | J207: 60.1973 | K207: 36.28294 | L207: 36.28294 | M207: =IF(L207<0,0,L207) -> 36.28294 | N207: 1.3356185 | O207: NONPRODUCING | P207: 195 | R207: 90.555556 | S207: 40.850792 | T207: 5.9968582 | U207: 21 | V207: 0.1535 | W207: 1019 | X207: 0 | Y207: NONE | Z207: 0 | AA207: poorlymanaged | AB207: 0.60235 | AC207: 1759 | AD207: 1759 | AE207: 0.6 | AF207: 1.3293 | AG207: 0.31 | AH207: 528.7
A208: updated | B208: D18 | C208: m20/m24_r4-6 | D208: m20/m24_r4-6 | E208: 16.01651 | F208: 0.4073376 | G208: 0.4185803 | H208: 0.4185803 | I208: 2.6134301 | J208: 52.833819 | K208: 34.332349 | L208: 31.718919 | M208: =IF(L208<0,0,L208) -> 31.718919 | N208: 5.0802639 | O208: PRODUCING | P208: 195.5053 | R208: 90.836278 | S208: 38.4 | T208: 17.2 | U208: 375 | V208: 0.2 | W208: 57 | X208: 3 | Y208: NONE | Z208: 0 | AA208: fairlymanaged | AB208: 0 | AC208: 1400 | AD208: 1744 | AE208: 0.8 | AF208: 1.349 | AG208: 0.35 | AH208: 550
A209: No Np | B209: D18 | C209: cii_top_to_m40_10-17 | D209: cii_top_to_m40_10-17 | E209: 43.39338 | F209: 0 | G209: 0 | H209: 0 | I209: 0 | J209: 62.360851 | K209: 36.632864 | L209: 36.632864 | M209: =IF(L209<0,0,L209) -> 36.632864 | N209: 15.896238 | O209: NONPRODUCING | P209: 197 | R209: 91.666667 | S209: 38 | T209: 473 | U209: 22.5 | V209: 0.2 | W209: 184 | X209: 0 | Y209: NONE | Z209: 0 | AA209: poorlymanaged | AB209: 0 | AC209: 1517 | AD209: 1759 | AE209: 0.54 | AF209: 1.349 | AG209: 0.31 | AH209: 250
A210: K1,K2 | B210: D18 | C210: m44_34 | D210: m44_34 | E210: 37.6992 | F210: 1.7080663 | G210: 3.1925346 | H210: 3.1925346 | I210: 8.4684413 | J210: 51.34393 | K210: 40.422549 | L210: 31.954108 | M210: =IF(L210<0,0,L210) -> 31.954108 | N210: 12.046443 | O210: PRODUCING | P210: 197 | R210: 91.666667 | S210: 38 | T210: 94 | U210: 40 | V210: 0.3 | W210: 2836 | X210: 0 | Y210: NONE | Z210: 0 | AA210: poorlymanaged | AB210: 0 | AC210: 1517 | AD210: 1759 | AE210: 0.78 | AF210: 1.349 | AG210: 0.31 | AH210: 250
A211: lower Np | B211: D18 | C211: m30/m34/m40_2-66 | D211: m30/m34/m40_2-66 | E211: 39.89927 | F211: 15.294478 | G211: 15.564302 | H211: 15.564302 | I211: 39.008989 | J211: 51.843355 | K211: 41.312016 | L211: 2.3030272 | M211: =IF(L211<0,0,L211) -> 2.3030272 | N211: 0.91889103 | O211: PRODUCING | P211: 197.802 | R211: 92.112222 | S211: 38.4 | T211: 34.2 | U211: 270 | V211: 0.2 | W211: 555 | X211: 4 | Y211: WAT | Z211: 1 | AA211: poorlymanaged | AB211: 0 | AC211: 1700 | AD211: 1744 | AE211: 0.8 | AF211: 1.349 | AG211: 0.35 | AH211: 550
... A232: done | B232: Dulang | C232: e2_east | D232: e2_east | E232: 12.5 | F232: 0 | G232: 0 | H232: 0.97934706 | I232: 7.8347765 | J232: 68.004089 | K232: 32.583712 | L232: 24.748935 | M232: =IF(L232<0,0,L232) -> 24.748935 | N232: 3.0936169 | O232: NONPRODUCING | P232: 194.7 | R232: 90.388889 | S232: 36 | T232: 116 | U232: 17.716536 | V232: 0.2 | W232: 40 | X232: 0 | Y232: NONE | Z232: 0 | AA232: 0 | AB232: 0 | AC232: 1707.8 | AD232: 1719.8 | AE232: 0.38 | AF232: 1.22 | AG232: 0.98 | AH232: 0.384
A233: done | B233: Dulang | C233: e6/7/8_east | D233: e6/7/8_east | E233: 0.9 | F233: 0 | G233: 0 | H233: 0 | I233: 0 | J233: 74.723981 | K233: 29.61992 | L233: 29.61992 | M233: =IF(L233<0,0,L233) -> 29.61992 | N233: 0.26657928 | O233: NONPRODUCING | P233: 196.1 | R233: 91.166667 | S233: 36 | T233: 164.66667 | U233: 75 | V233: 0.22 | W233: 60 | X233: 0 | Y233: NONE | Z233: 0 | AA233: 0
A234: No Np | B234: Dulang | C234: e1/2_s1 | D234: e1/2_s1 | E234: 24.05 | F234: 8.4342825 | G234: 9.0578518 | H234: 9.0578518 | I234: 37.662586 | J234: 57.490524 | K234: 36.596713 | L234: -1.0658724 | M234: =IF(L234<0,0,L234) -> 0 | N234: 0 | O234: PRODUCING | P234: 200 | R234: 93.333333 | S234: 35.49 | T234: 150 | U234: 209.5 | V234: 0.22 | W234: 42 | X234: 22 | Y234: WAT | Z234: 6 | AA234: 0 | AB234: 0.006 | AC234: 1758 | AD234: 1400 | AE234: 0.5 | AF234: 1.26 | AG234: 0.6 | AH234: 420
A235: no entry in ARPR | B235: Dulang | C235: ld1/2/3_n1 | D235: ld1/2/3_n1 | E235: 22.65 | F235: 6.1316065 | G235: 6.591317 | H235: 6.591317 | I235: 29.100737 | J235: 47.49314 | K235: 43.730722 | L235: 14.629985 | M235: =IF(L235<0,0,L235) -> 14.629985 | N235: 3.3136916 | O235: PRODUCING | P235: 200 | R235: 93.333333 | S235: 35 | T235: 399.33333 | U235: 24 | V235: 0.24 | W235: 80 | X235: 10 | Y235: WATGAS | Z235: 5 | AA235: 0 | AB235: 0.24 | AC235: 1750 | AD235: 1600 | AE235: 0.6 | AF235: 1.2 | AG235: 0.6 | AH235: 410
B236: Dulang | C236: ld1/2/3_n2 | D236: ld1/2/3_n2 | E236: 7.38 | F236: 0 | G236: 0 | H236: 0.5896726 | I236: 7.9901437 | J236: 50.967299 | K236: 43.292097 | L236: 35.301953 | M236: =IF(L236<0,0,L236) -> 35.301953 | N236: 2.6052842 | O236: NONPRODUCING | P236: 200 | R236: 93.333333 | S236: 36 | T236: 213 | U236: 85 | V236: 0.24 | W236: 90 | X236: 4 | Y236: WAT | Z236: 2 | AA236: 0 | AB236: 0 | AC236: 1750 | AD236: 1600 | AE236: 0.6 | AF236: 1.2 | AG236: 0.6 | AH236: 410
A237: done | B237: Dulang | C237: ld1/2/3_n3b | D237: ld1/2/3_n3b | E237: 5.65 | F237: 0 | G237: 0 | H237: 0.29721714 | I237: 5.2604804 | J237: 48.596451 | K237: 43.529416 | L237: 38.268936 | M237: =IF(L237<0,0,L237) -> 38.268936 | N237: 2.1621949 | O237: NONPRODUCING | P237: 200 | R237: 93.333333 | S237: 38.47 | T237: 318.33333 | U237: 96 | V237: 0.23 | W237: 100 | X237: 0 | Y237: WATGAS | Z237: 4 | AA237: 0 | AB237: 0.29 | AC237: 1741 | AD237: 1682 | AE237: 0.6 | AF237: 1.2 | AG237: 0.635 | AH237: 410
A238: done | B238: Dulang | C238: ld1/2/3_n3c | D238: ld1/2/3_n3c | E238: 20.63 | F238: 3.0305427 | G238: 3.2559627 | H238: 3.2559627 | I238: 15.78266 | J238: 48.389119 | K238: 44.146613 | L238: 28.363953 | M238: =IF(L238<0,0,L238) -> 28.363953 | N238: 5.8514836 | O238: PRODUCING | P238: 200 | R238: 93.333333 | S238: 36 | T238: 908.33333 | U238: 96 | V238: 0.25 | W238: 100 | X238: 0 | Y238: WATGAS | Z238: 4 | AA238: 0 | AB238: 0.77 | AC238: 1750 | AD238: 1600 | AE238: 0.6 | AF238: 1.2 | AG238: 0.6 | AH238: 410
A239: done | B239: Dulang | C239: ld1/2/3_n3d | D239: ld1/2/3_n3d | E239: 11.07 | F239: 0 | G239: 0 | H239: 0 | I239: 0 | J239: 49.405099 | K239: 43.118148 | L239: 43.118148 | M239: =IF(L239<0,0,L239) -> 43.118148 | N239: 4.773179 | O239: NONPRODUCING | P239: 200 | R239: 93.333333 | S239: 36 | T239: 472.66667 | U239: 96 | V239: 0.24 | W239: 100 | X239: 0 | Y239: WATGAS | Z239: 4 | AA239: 0 | AB239: 0 | AC239: 1750 | AD239: 1600 | AE239: 0.6 | AF239: 1.2 | AG239: 0.6 | AH239: 410
A240: done | B240: Dulang | C240: ld1/2/3_s1 | D240: ld1/2/3_s1 | E240: 26.97 | F240: 17.808955 | G240: 19.12581 | H240: 19.12581 | I240: 70.915127 | J240: 56.703162 | K240: 39.290428 | L240: -31.624699 | M240: =IF(L240<0,0,L240) -> 0 | N240: 0 | O240: PRODUCING | P240: 200 | R240: 93.333333 | S240: 36 | T240: 672.66667 | U240: 30.433333 | V240: 0.25 | W240: 54 | X240: 21 | Y240: WAT | Z240: 6 | AA240: 0 | AB240: 0.27 | AC240: 1750 | AD240: 1600 | AE240: 0.5 | AF240: 1.2 | AG240: 0.6 | AH240: 410
A241: done | B241: Dulang | C241: ld1/2/3_se1 | D241: ld1/2/3_se1 | E241: 0.95 | F241: 0 | G241: 0 | H241: 0 | I241: 0 | J241: 51.818646 | K241: 40.237673 | L241: 40.237673 | M241: =IF(L241<0,0,L241) -> 40.237673 | N241: 0.38225789 | O241: NONPRODUCING | P241: 200 | R241: 93.333333 | S241: 36 | T241: 231.66667 | U241: 16 | V241: 0.25 | W241: 70 | X241: 3 | Y241: WAT | Z241: 1 | AA241: 0 | AB241: 0 | AC241: 1750 | AD241: 1600 | AE241: 0.6 | AF241: 1.2 | AG241: 0.6 | AH241: 410
A242: done | B242: Dulang | C242: e1/2_n1 | D242: e1/2_n1 | E242: 3.99 | F242: 5.9986309 | G242: 6.4421259 | H242: 6.4421259 | I242: 161.45679 | J242: 50.937587 | K242: 38.432909 | L242: -123.02388 | M242: =IF(L242<0,0,L242) -> 0 | N242: 0 | O242: PRODUCING | P242: 202 | R242: 94.444444 | S242: 38 | T242: 331 | U242: 372 | V242: 0.23 | W242: 75 | X242: 10 | Y242: WAT | Z242: 2 | AA242: 0 | AB242: 0.07 | AC242: 1750 | AD242: 1400 | AE242: 0.6 | AF242: 1.26 | AG242: 0.6 | AH242: 420
A243: done | B243: Dulang | C243: e1/2_n2 | D243: e1/2_n2 | E243: 8.91 | F243: 0.90843574 | G243: 0.97559877 | H243: 0.97559877 | I243: 10.949481 | J243: 47.4389 | K243: 39.119114 | L243: 28.169633 | M243: =IF(L243<0,0,L243) -> 28.169633 | N243: 2.5099143 | O243: PRODUCING | P243: 202 | R243: 94.444444 | S243: 38.87 | T243: 205.5 | U243: 387 | V243: 0.22 | W243: 50 | X243: 4 | Y243: WAT | Z243: 1 | AA243: 0 | AB243: 0.03 | AC243: 1790 | AD243: 1753 | AE243: 0.7 | AF243: 1.26 | AG243: 0.5 | AH243: 420
A244: done | B244: Dulang | C244: e1/2_n3b | D244: e1/2_n3b | E244: 1.83 | F244: 0 | G244: 0 | H244: 0 | I244: 0 | J244: 48.122322 | K244: 42.476318 | L244: 42.476318 | M244: =IF(L244<0,0,L244) -> 42.476318 | N244: 0.77731661 | O244: NONPRODUCING | P244: 202 | R244: 94.444444 | S244: 38 | T244: 246.5 | U244: 354 | V244: 0.2 | W244: 45 | X244: 0 | Y244: WAT | Z244: 2 | AA244: 0 | AB244: 0.1 | AC244: 1700 | AD244: 1400 | AE244: 0.7 | AF244: 1.26 | AG244: 0.6 | AH244: 420
A245: Np is lower | B245: Dulang | C245: e1/2_n3c | D245: e1/2_n3c | E245: 6.96 | F245: 0 | G245: 0.0022767554 | H245: 0.0022767554 | I245: 0.032712003 | J245: 51.939267 | K245: 37.602325 | L245: 37.569613 | M245: =IF(L245<0,0,L245) -> 37.569613 | N245: 2.614845 | O245: NONPRODUCING | P245: 202 | R245: 94.444444 | S245: 38 | T245: 200 | U245: 354 | V245: 0.21 | W245: 55 | X245: 0 | Y245: WAT | Z245: 2 | AA245: 0 | AB245: 0 | AC245: 1700 | AD245: 1400 | AE245: 0.6 | AF245: 1.26 | AG245: 0.5 | AH245: 420
A246: done | B246: Dulang | C246: e1/2_n3e | D246: e1/2_n3e | E246: 6.4 | F246: 1.5479719 | G246: 1.6624177 | H246: 1.6624177 | I246: 25.975276 | J246: 54.324914 | K246: 37.152463 | L246: 11.177187 | M246: =IF(L246<0,0,L246) -> 11.177187 | N246: 0.71533996 | O246: PRODUCING | P246: 202 | R246: 94.444444 | S246: 38 | T246: 150 | U246: 200 | V246: 0.2 | W246: 20 | X246: 0 | Y246: WAT | Z246: 2 | AA246: 0 | AB246: 0 | AC246: 1700 | AD246: 1400 | AE246: 0.6 | AF246: 1.26 | AG246: 0.6 | AH246: 420
A247: done | B247: Dulang | C247: e1/2_se1 | D247: e1/2_se1 | E247: 2.02 | F247: 0 | G247: 0 | H247: 0 | I247: 0 | J247: 58.160264 | K247: 36.478672 | L247: 36.478672 | M247: =IF(L247<0,0,L247) -> 36.478672 | N247: 0.73686917 | O247: NONPRODUCING | P247: 202 | R247: 94.444444 | S247: 39 | T247: 100 | U247: 200 | V247: 0.22 | W247: 30 | X247: 6 | Y247: WAT | Z247: 1 | AA247: 0 | AB247: 0 | AC247: 1700 | AD247: 1400 | AE247: 0.5 | AF247: 1.26 | AG247: 0.6 | AH247: 420
A248: Np is lower | B248: Dulang | C248: e1/2_se2 | D248: e1/2_se2 | E248: 0 | F248: 0 | G248: 0 | H248: 0 | I248: 0 | J248: 56.874528 | K248: 40.192021 | L248: 0 | M248: =IF(L248<0,0,L248) -> 0 | N248: 0 | O248: NONPRODUCING | P248: 202 | R248: 94.444444 | S248: 38 | T248: 150 | U248: 300 | V248: 0.2 | W248: 40 | X248: 0 | Y248: NONE | Z248: 0 | AA248: 0 | AB248: 0 | AC248: 1750 | AD248: 1400 | AE248: 0.5 | AF248: 1.26 | AG248: 0.5 | AH248: 420
... A264: done | B264: Dulang | C264: e10/11/12/13/14_n2 | D264: e10/11/12/13/14_n2 | E264: 22.1 | F264: 3.0924784 | G264: 3.3211138 | H264: 3.3211138 | I264: 15.027664 | J264: 56.329309 | K264: 40.583729 | L264: 25.556064 | M264: =IF(L264<0,0,L264) -> 25.556064 | N264: 5.6478902 | O264: PRODUCING | P264: 205 | R264: 96.111111 | S264: 34 | T264: 314.4 | U264: 146.8 | V264: 0.22 | W264: 60 | X264: 3 | Y264: WAT | Z264: 2 | AA264: 0 | AB264: 0 | AC264: 1650 | AD264: 1400 | AE264: 0.5 | AF264: 1.26 | AG264: 0.6 | AH264: 350
B265: Dulang | C265: e10/11/12/13/14_n3b | D265: e10/11/12/13/14_n3b | E265: 22.1 | F265: 3.0924784 | G265: 3.3211138 | H265: 3.3211138 | I265: 15.027664 | J265: 57.790073 | K265: 39.938429 | L265: 24.910765 | M265: =IF(L265<0,0,L265) -> 24.910765 | N265: 5.5052791 | O265: PRODUCING | P265: 205 | R265: 96.111111 | S265: 37.13 | T265: 256.8 | U265: 148.8 | V265: 0.22 | W265: 50 | X265: 0 | Y265: WAT | Z265: 7 | AA265: 0 | AB265: 0.14 | AC265: 1794 | AD265: 1384 | AE265: 0.5 | AF265: 1.27 | AG265: 0.785 | AH265: 328
A266: done | B266: Dulang | C266: e10/11/12/13/14_n3c | D266: e10/11/12/13/14_n3c | E266: 27.79 | F266: 2.778923 | G266: 2.9848635 | H266: 9.3824026 | I266: 33.761794 | J266: 57.374543 | K266: 36.61141 | L266: 2.8496156 | M266: =IF(L266<0,0,L266) -> 2.8496156 | N266: 0.79190819 | O266: PRODUCING | P266: 205 | R266: 96.111111 | S266: 37 | T266: 440.8 | U266: 108.8 | V266: 0.22 | W266: 50 | X266: 0 | Y266: WAT | Z266: 7 | AA266: 0 | AB266: 0.64 | AC266: 1700 | AD266: 1350 | AE266: 0.5 | AF266: 1.26 | AG266: 0.7 | AH266: 350
A267: Np is different | B267: Dulang | C267: e10/11/12/13/14_n3d | D267: e10/11/12/13/14_n3d | E267: 27.79 | F267: 2.778923 | G267: 2.9848635 | H267: 9.3824026 | I267: 33.761794 | J267: 51.695728 | K267: 38.280573 | L267: 4.5187785 | M267: =IF(L267<0,0,L267) -> 4.5187785 | N267: 1.2557685 | O267: PRODUCING | P267: 205 | R267: 96.111111 | S267: 38 | T267: 381.8 | U267: 119.4 | V267: 0.22 | W267: 60 | X267: 0 | Y267: WAT | Z267: 7 | AA267: 0 | AB267: 0.5 | AC267: 1700 | AD267: 1300 | AE267: 0.6 | AF267: 1.26 | AG267: 0.7 | AH267: 390
A268: np is reduced | B268: Dulang | C268: e10/11/12/13/14_n3e | D268: e10/11/12/13/14_n3e | E268: 12.58 | F268: 0 | G268: 0 | H268: 1.31 | I268: 10.413355 | J268: 52.23751 | K268: 38.167742 | L268: 27.754388 | M268: =IF(L268<0,0,L268) -> 27.754388 | N268: 3.491502 | O268: NONPRODUCING | P268: 205 | R268: 96.111111 | S268: 38 | T268: 350 | U268: 120 | V268: 0.22 | W268: 50 | X268: 0 | Y268: WAT | Z268: 7 | AA268: 0 | AB268: 1.2 | AC268: 1700 | AD268: 1250 | AE268: 0.6 | AF268: 1.26 | AG268: 0.8 | AH268: 390
A269: done. change stooip | B269: Dulang | C269: e10/11/12/13/14_s2 | D269: e10/11/12/13/14_s2 | E269: 49.94 | F269: 18.748413 | G269: 20.134534 | H269: 24.495663 | I269: 49.050185 | J269: 55.841553 | K269: 42.881661 | L269: -6.168524 | M269: =IF(L269<0,0,L269) -> 0 | N269: 0 | O269: PRODUCING | P269: 205 | R269: 96.111111 | S269: 38.1 | T269: 600 | U269: 300 | V269: 0.27 | W269: 83 | X269: 11 | Y269: WAT | Z269: 6 | AA269: 0 | AB269: 0.06 | AC269: 1797 | AD269: 1607 | AE269: 0.5 | AF269: 1.27 | AG269: 0.65 | AH269: 441
A270: done | B270: Dulang | C270: e10/11/12/13/14_s3_n3a | D270: e10/11/12/13/14_s3_n3a | E270: 43.84 | F270: 20.60937 | G270: 22.133076 | H270: 22.133076 | I270: 50.486032 | J270: 46.842049 | K270: 43.949358 | L270: -6.5366742 | M270: =IF(L270<0,0,L270) -> 0 | N270: 0 | O270: PRODUCING | P270: 205 | R270: 96.111111 | S270: 39.9 | T270: 300 | U270: 180 | V270: 0.2373 | W270: 90.170232 | X270: 4 | Y270: WAT | Z270: 4 | AA270: 0 | AB270: 0 | AC270: 1715 | AD270: 1245 | AE270: 0.7 | AF270: 1.26 | AG270: 0.46 | AH270: 442
A271: done | B271: Dulang | C271: e10/11/12/13/14_se1 | D271: e10/11/12/13/14_se1 | E271: 14.29 | F271: 3.4306753 | G271: 3.6847236 | H271: 5.0512013 | I271: 35.347805 | J271: 49.234487 | K271: 42.150706 | L271: 6.8029014 | M271: =IF(L271<0,0,L271) -> 6.8029014 | N271: 0.97213461 | O271: PRODUCING | P271: 205 | R271: 96.111111 | S271: 36 | T271: 169 | U271: 120 | V271: 0.23 | W271: 70 | X271: 3 | Y271: WAT | Z271: 1 | AA271: 0 | AB271: 0.53 | AC271: 1700 | AD271: 14000 | AE271: 0.7 | AF271: 1.27 | AG271: 0.9 | AH271: 425
A272: arpr combined m&n reservoirs. There 4 million CR unaccounted | B272: Dulang | C272: e10/11/12/13/14_se2 | D272: e10/11/12/13/14_se2 | E272: 13.1 | F272: 0.73432723 | G272: 0.788618 | H272: 10.865081 | I272: 82.939547 | J272: 53.086391 | K272: 37.736817 | L272: -45.20273 | M272: =IF(L272<0,0,L272) -> 0 | N272: 0 | O272: PRODUCING | P272: 205 | R272: 96.111111 | S272: 36 | T272: 221.4 | U272: 150 | V272: 0.23 | W272: 60 | X272: 3 | Y272: NONE | Z272: 0 | AA272: 0 | AB272: 0.48 | AC272: 1700 | AD272: 1400 | AE272: 0.6 | AF272: 1.27 | AG272: 0.9 | AH272: 400
A273: arpr combined m&n reservoirs. There 4 million CR unaccounted | B273: Dulang | C273: e20/22_s3_n3a | D273: e20/22_s3_n3a | E273: 3.39 | F273: 0 | G273: 0 | H273: 0 | I273: 0 | J273: 47.914042 | K273: 38.734903 | L273: 38.734903 | M273: =IF(L273<0,0,L273) -> 38.734903 | N273: 1.3131132 | O273: NONPRODUCING | P273: 205 | R273: 96.111111 | S273: 39.9 | T273: 350 | U273: 226 | V273: 0.21365217 | W273: 50.231682 | X273: 1 | Y273: NONE | Z273: 0 | AA273: 0 | AB273: 0 | AC273: 1780 | AD273: 1220 | AE273: 0.7 | AF273: 1.24 | AG273: 0.46 | AH273: 456
A274: arpr combined m&n reservoirs. There 4 million CR unaccounted | B274: Dulang | C274: e23_s3_n3a | D274: e23_s3_n3a | E274: 1.25 | F274: 0 | G274: 0 | H274: 0 | I274: 0 | J274: 46.9081 | K274: 39.136034 | L274: 39.136034 | M274: =IF(L274<0,0,L274) -> 39.136034 | N274: 0.48920042 | O274: NONPRODUCING | P274: 205 | R274: 96.111111 | S274: 39.9 | T274: 500 | U274: 164 | V274: 0.21852381 | W274: 77.727857 | X274: 2 | Y274: NONE | Z274: 0 | AA274: 0 | AB274: 0 | AC274: 1815 | AD274: 1240 | AE274: 0.7 | AF274: 1.26 | AG274: 0.46 | AH274: 456
A275: arpr combined m&n reservoirs. There 4 million CR unaccounted | B275: Dulang | C275: e32/34/36_s3_n3a | D275: e32/34/36_s3_n3a | E275: 5.77 | F275: 0 | G275: 0 | H275: 0 | I275: 0 | J275: 46.319699 | K275: 44.428358 | L275: 44.428358 | M275: =IF(L275<0,0,L275) -> 44.428358 | N275: 2.5635163 | O275: NONPRODUCING | P275: 205 | R275: 96.111111 | S275: 39.9 | T275: 300 | U275: 73.5 | V275: 0.24247059 | W275: 83.592588 | X275: 2 | Y275: NONE | Z275: 0 | AA275: 0 | AB275: 0 | AC275: 1835 | AD275: 1276 | AE275: 0.7 | AF275: 1.26 | AG275: 0.46 | AH275: 456
A276: arpr combined m&n reservoirs. There 4 million CR unaccounted | B276: Dulang | C276: e6/7/8_n3c | D276: e6/7/8_n3c | E276: 15.41 | F276: 4.0999411 | G276: 4.4030858 | H276: 4.4030858 | I276: 28.572913 | J276: 47.067389 | K276: 43.095486 | L276: 14.522574 | M276: =IF(L276<0,0,L276) -> 14.522574 | N276: 2.2379286 | O276: PRODUCING | P276: 205 | R276: 96.111111 | S276: 39 | T276: 719.66667 | U276: 158.33333 | V276: 0.23 | W276: 90 | X276: 0 | Y276: WATGAS | Z276: 3 | AA276: 0 | AB276: 0.24 | AC276: 1700 | AD276: 1300 | AE276: 0.6 | AF276: 1.28 | AG276: 0.4 | AH276: 420
A277: arpr combined m&n reservoirs. There 4 million CR unaccounted | B277: Dulang | C277: e6/7/8_n3d | D277: e6/7/8_n3d | E277: 8.11 | F277: 0 | G277: 0 | H277: 0 | I277: 0 | J277: 47.592196 | K277: 42.785434 | L277: 0 | M277: =IF(L277<0,0,L277) -> 0 | N277: 0 | O277: PRODUCING | P277: 205 | R277: 96.111111 | S277: 40 | T277: 386.66667 | U277: 158.33333 | V277: 0.23 | W277: 100 | X277: 0 | Y277: WATGAS | Z277: 3 | AA277: 0 | AB277: 1 | AC277: 1700 | AD277: 1300 | AE277: 0.6 | AF277: 1.25 | AG277: 0.5 | AH277: 420
... A295: done | B295: Dulang | C295: e22_east | D295: e22_east | E295: 4.7 | F295: 0 | G295: 0 | H295: 0 | I295: 0 | J295: 58.140345 | K295: 36.618447 | L295: 36.618447 | M295: =IF(L295<0,0,L295) -> 36.618447 | N295: 1.721067 | O295: NONPRODUCING | P295: 214.1 | R295: 101.16667 | S295: 36 | T295: 377 | U295: 29 | V295: 0.2 | W295: 40 | X295: 0 | Y295: NONE | Z295: 0 | AA295: 0 | AB295: 0 | AC295: 1933.9 | AD295: 1933.9 | AE295: 0.5 | AF295: 1.24 | AG295: 0.88 | AH295: 421
B296: Dulang | C296: e32_east | D296: e32_east | E296: 5.1 | F296: 0 | G296: 0 | H296: 1.0249537 | I296: 20.097131 | J296: 66.684477 | K296: 36.745316 | L296: 16.648185 | M296: =IF(L296<0,0,L296) -> 16.648185 | N296: 0.84905745 | O296: NONPRODUCING | P296: 216.2 | R296: 102.33333 | S296: 36 | T296: 199 | U296: 72 | V296: 0.22 | W296: 50 | X296: 0 | Y296: NONE | Z296: 0 | AA296: 0 | AB296: 0 | AC296: 1978.8 | AD296: 1978.8 | AE296: 0.38 | AF296: 1.24 | AG296: 0.89 | AH296: 429
A297: done | B297: Dulang | C297: e32/34/36_n1 | D297: e32/34/36_n1 | E297: 5.34 | F297: 4.6270513 | G297: 4.9691419 | H297: 4.9691419 | I297: 93.055091 | J297: 52.750174 | K297: 41.651098 | L297: -51.403993 | M297: =IF(L297<0,0,L297) -> 0 | N297: 0 | O297: PRODUCING | P297: 218 | R297: 103.33333 | S297: 35 | T297: 210.5 | U297: 148 | V297: 0.22 | W297: 50 | X297: 3 | Y297: NONE | Z297: 0 | AA297: 0 | AB297: 0 | AC297: 1900 | AD297: 1700 | AE297: 0.6 | AF297: 1.26 | AG297: 0.8 | AH297: 380
A298: done | B298: Dulang | C298: e32/34/36_n3c | D298: e32/34/36_n3c | E298: 15.32 | F298: 2.6342091 | G298: 2.8289633 | H298: 5.473321 | I298: 35.726639 | J298: 52.881693 | K298: 41.619233 | L298: 5.8925946 | M298: =IF(L298<0,0,L298) -> 5.8925946 | N298: 0.90274549 | O298: PRODUCING | P298: 218 | R298: 103.33333 | S298: 35.7 | T298: 490.5 | U298: 88.5 | V298: 0.23 | W298: 60 | X298: 0 | Y298: WAT | Z298: 1 | AA298: 0 | AB298: 0 | AC298: 1912 | AD298: 1839 | AE298: 0.6 | AF298: 1.26 | AG298: 0.881 | AH298: 381
A299: done | B299: Dulang | C299: e32/40_east | D299: e32/40_east | E299: 14.7 | F299: 0 | G299: 0 | H299: 1.2127846 | I299: 8.2502355 | J299: 75.637611 | K299: 33.405605 | L299: 25.155369 | M299: =IF(L299<0,0,L299) -> 25.155369 | N299: 3.6978393 | O299: NONPRODUCING | P299: 220.4 | R299: 104.66667 | S299: 36 | T299: 401.33333 | U299: 100.66667 | V299: 0.24 | W299: 90 | X299: 0 | Y299: NONE | Z299: 0 | AA299: 0 | AB299: 0 | AC299: 2016.1 | AD299: 2016.1 | AE299: 0.23 | AF299: 1.24 | AG299: 0.89 | AH299: 0.434
A300: Np is lower | B300: Dulang | C300: e40/42_east | D300: e40/42_east | E300: 18.7 | F300: 0 | G300: 0 | H300: 2.7895586 | I300: 14.917426 | J300: 59.562251 | K300: 41.414145 | L300: 26.496719 | M300: =IF(L300<0,0,L300) -> 26.496719 | N300: 4.9548865 | O300: NONPRODUCING | P300: 224.4 | R300: 106.88889 | S300: 36 | T300: 291 | U300: 181 | V300: 0.24 | W300: 150 | X300: 0 | Y300: NONE | Z300: 0 | AA300: 0 | AB300: 0 | AC300: 2066.8 | AD300: 1996.7 | AE300: 0.43 | AF300: 1.26 | AG300: 0.84 | AH300: 427
A301: No Np | B301: Dulang | C301: e40/42_n3b | D301: e40/42_n3b | E301: 8.98 | F301: 0 | G301: 0 | H301: 0 | I301: 0 | J301: 56.840589 | K301: 40.535936 | L301: 40.535936 | M301: =IF(L301<0,0,L301) -> 40.535936 | N301: 3.6401271 | O301: NONPRODUCING | P301: 225 | R301: 107.22222 | S301: 36 | T301: 212 | U301: 239 | V301: 0.25 | W301: 80 | X301: 0 | Y301: NONE | Z301: 0 | AA301: 0 | AB301: 0 | AC301: 2100 | AD301: 1900 | AE301: 0.5 | AF301: 1.26 | AG301: 0.84 | AH301: 420
A302: No Np | B302: Dulang | C302: e40/42_n3d | D302: e40/42_n3d | E302: 6 | F302: 0 | G302: 0 | H302: 0 | I302: 0 | J302: 0 | K302: 0 | L302: 0 | M302: =IF(L302<0,0,L302) -> 0 | N302: 0 | O302: NONPRODUCING | P302: 225 | R302: 107.22222 | S302: 36 | T302: 85 | U302: 150 | V302: 0.25 | W302: 100 | X302: 0 | Y302: NONE | Z302: 0 | AA302: 0 | AB302: 0 | AC302: 2100 | AD302: 1900 | AE302: 0.5 | AF302: 1.26 | AG302: 0.84 | AH302: 420
A303: done | B303: Dulang | C303: e47/51_east | D303: e47/51_east | E303: 8.1 | F303: 0 | G303: 0 | H303: 0.67797356 | I303: 8.370044 | J303: 73.287055 | K303: 34.96514 | L303: 26.595096 | M303: =IF(L303<0,0,L303) -> 26.595096 | N303: 2.1542028 | O303: NONPRODUCING | P303: 229.6 | R303: 109.77778 | S303: 36 | T303: 284.45 | U303: 136 | V303: 0.24 | W303: 200 | X303: 0 | Y303: NONE | Z303: 0 | AA303: 0 | AB303: 0 | AC303: 2261.1 | AD303: 2261.1 | AE303: 0.28 | AF303: 1.27 | AG303: 0.8 | AH303: 446
A304: done | B304: Erb West | C304: m4/4.5_1 | D304: m4/4.5_1 | E304: 28.58 | F304: 11.605792 | G304: 11.605792 | H304: 11.605792 | I304: 40.60809 | J304: 45.375588 | K304: 43.398288 | L304: 2.7901985 | M304: =IF(L304<0,0,L304) -> 2.7901985 | N304: 0.79743873 | O304: PRODUCING | P304: 180 | R304: 82.222222 | S304: 35 | T304: 65 | U304: 137 | V304: 0.21 | W304: 500 | X304: 2 | Y304: NONE | Z304: 0 | AA304: poorlymanaged | AB304: 2 | AC304: 3075 | AD304: 3075 | AE304: 0.8 | AF304: 1.28 | AG304: 0.48 | AH304: 570
A305: done | B305: Erb West | C305: m4/4.5_2a | D305: m4/4.5_2a | E305: 4.71 | F305: 1.243551 | G305: 1.243551 | H305: 1.243551 | I305: 26.402357 | J305: 45.573238 | K305: 43.038739 | L305: 16.636382 | M305: =IF(L305<0,0,L305) -> 16.636382 | N305: 0.78357361 | O305: PRODUCING | P305: 180 | R305: 82.222222 | S305: 35 | T305: 48 | U305: 137 | V305: 0.21 | W305: 500 | X305: 1 | Y305: NONE | Z305: 0 | AA305: poorlymanaged | AB305: 2 | AC305: 3075 | AD305: 3075 | AE305: 0.8 | AF305: 1.28 | AG305: 0.48 | AH305: 570
A306: done | B306: Erb West | C306: m4/4.5_2b | D306: m4/4.5_2b | E306: 2.92 | F306: 1.020601 | G306: 1.020601 | H306: 1.020601 | I306: 34.952089 | J306: 45.573238 | K306: 43.445525 | L306: 8.4934361 | M306: =IF(L306<0,0,L306) -> 8.4934361 | N306: 0.24800833 | O306: PRODUCING | P306: 180 | R306: 82.222222 | S306: 35 | T306: 38 | U306: 137 | V306: 0.21 | W306: 500 | X306: 1 | Y306: NONE | Z306: 0 | AA306: poorlymanaged | AB306: 2 | AC306: 3075 | AD306: 3075 | AE306: 0.8 | AF306: 1.28 | AG306: 0.48 | AH306: 570
A307: done | B307: Erb West | C307: m4/4.5_3 | D307: m4/4.5_3 | E307: 0.75 | F307: 0 | G307: 0 | H307: 0 | I307: 0 | J307: 45.573238 | K307: 43.038739 | L307: 43.038739 | M307: =IF(L307<0,0,L307) -> 43.038739 | N307: 0.32279054 | O307: NONPRODUCING | P307: 180 | R307: 82.222222 | S307: 35 | T307: 36 | U307: 137 | V307: 0.21 | W307: 500 | X307: 1 | Y307: NONE | Z307: 0 | AA307: poorlymanaged | AB307: 2 | AC307: 3075 | AD307: 3075 | AE307: 0.8 | AF307: 1.28 | AG307: 0.48 | AH307: 570
A308: ARPR DOES NOT SEG NORTH & SOUTH. Retain Np . Unknown CR | B308: Erb West | C308: n 2/3/4/5/6/7/8_1 | D308: n 2/3/4/5/6/7/8_1 | E308: 202.76 | F308: 104.81135 | G308: 104.81135 | H308: 104.81135 | I308: 51.69232 | J308: 42.790203 | K308: 45.952986 | L308: -5.7393338 | M308: =IF(L308<0,0,L308) -> 0 | N308: 0 | O308: PRODUCING | P308: 180 | R308: 82.222222 | S308: 35 | T308: 488 | U308: 137 | V308: 0.21 | W308: 1000 | X308: 9 | Y308: GAS | Z308: 2 | AA308: poorlymanaged | AB308: 2 | AC308: 3075 | AD308: 3075 | AE308: 0.8 | AF308: 1.28 | AG308: 0.48 | AH308: 570
... A316: done | B316: Fairley Baram | C316: n3.0_50s | D316: n3.0_50s | E316: 2.9222593 | F316: 1.3802058 | G316: 1.3802058 | H316: 1.3802058 | I316: 47.230777 | J316: 47.482762 | K316: 45.091095 | L316: -2.1396821 | M316: =IF(L316<0,0,L316) -> 0 | N316: 0 | O316: PRODUCING | P316: 172.152 | R316: 77.862222 | S316: 40 | T316: 31 | U316: 95 | V316: 0.25 | W316: 2000 | X316: 2 | Y316: NONE | Z316: 0 | AA316: poorlymanaged | AB316: 0.13 | AC316: 3114.3 | AD316: 3344 | AE316: 0.59 | AF316: 1.46 | AG316: 0.34 | AH316: 777
B317: Fairley Baram | C317: o5.0_50s | D317: o5.0_50s | E317: 3.2576249 | F317: 0 | G317: 0.5591331 | H317: 0.5591331 | I317: 17.163827 | J317: 49.681231 | K317: 38.895165 | L317: 21.731338 | M317: =IF(L317<0,0,L317) -> 21.731338 | N317: 0.70792549 | O317: NONPRODUCING | P317: 180.48 | R317: 82.488889 | S317: 39.9 | T317: 41 | U317: 52 | V317: 0.22 | W317: 600 | X317: 2 | Y317: NONE | Z317: 0 | AA317: poorlymanaged | AB317: 0 | AC317: 3262.3 | AD317: 3344 | AE317: 0.56 | AF317: 1.437 | AG317: 0.33 | AH317: 832
A318: done | B318: Fairley Baram | C318: p1.0_50n | D318: p1.0_50n | E318: 0.14559702 | F318: 0.137884 | G318: 0.1391878 | H318: 0.1391878 | I318: 95.597971 | J318: 48.005183 | K318: 44.160885 | L318: -51.437086 | M318: =IF(L318<0,0,L318) -> 0 | N318: 0 | O318: PRODUCING | P318: 183.216 | R318: 84.008889 | S318: 39.9 | T318: 14 | U318: 54 | V318: 0.24 | W318: 1000 | X318: 1 | Y318: NONE | Z318: 0 | AA318: poorlymanaged | AB318: 0.02 | AC318: 3329.3 | AD318: 3344 | AE318: 0.63 | AF318: 1.443 | AG318: 0.33 | AH318: 840
A319: done | B319: Fairley Baram | C319: p1.0_50s | D319: p1.0_50s | E319: 5.1706855 | F319: 1.2370683 | G319: 1.5092732 | H319: 1.5628816 | I319: 30.22581 | J319: 47.234096 | K319: 44.499613 | L319: 14.273803 | M319: =IF(L319<0,0,L319) -> 14.273803 | N319: 0.73805346 | O319: PRODUCING | P319: 184.248 | R319: 84.582222 | S319: 39.9 | T319: 16 | U319: 87 | V319: 0.22 | W319: 750 | X319: 5 | Y319: NONE | Z319: 0 | AA319: poorlymanaged | AB319: 0.04 | AC319: 3329.3 | AD319: 3344 | AE319: 0.63 | AF319: 1.443 | AG319: 0.33 | AH319: 840
A320: done | B320: Fairley Baram | C320: p2.0_50n | D320: p2.0_50n | E320: 0.33405056 | F320: 0.1340417 | G320: 0.1353004 | H320: 0.1353004 | I320: 40.50297 | J320: 60.440328 | K320: 40.834401 | L320: 0.33143102 | M320: =IF(L320<0,0,L320) -> 0.33143102 | N320: 0.0011071472 | O320: PRODUCING | P320: 184.8 | R320: 84.888889 | S320: 39.9 | T320: 17 | U320: 52 | V320: 0.22 | W320: 800 | X320: 1 | Y320: NONE | Z320: 0 | AA320: poorlymanaged | AB320: 0.02 | AC320: 3343.3 | AD320: 3344 | AE320: 0.4 | AF320: 1.1447 | AG320: 0.33 | AH320: 851
A321: done | B321: Fairley Baram | C321: p2.0_50s | D321: p2.0_50s | E321: 0.35148303 | F321: 0.072786 | G321: 0.0832728 | H321: 0.40492293 | I321: 115.20412 | J321: 60.372133 | K321: 40.859535 | L321: -74.344582 | M321: =IF(L321<0,0,L321) -> 0 | N321: 0 | O321: PRODUCING | P321: 184.8 | R321: 84.888889 | S321: 39.9 | T321: 18 | U321: 15 | V321: 0.2 | W321: 370 | X321: 1 | Y321: NONE | Z321: 0 | AA321: poorlymanaged | AB321: 0.13 | AC321: 3342.3 | AD321: 3344 | AE321: 0.4 | AF321: 1.447 | AG321: 0.33 | AH321: 851
A322: done | B322: Fairley Baram | C322: o5.0_50n | D322: o5.0_50n | E322: 0.62076012 | F322: 0.0520331 | G322: 0.052298 | H322: 0.26673142 | I322: 42.968517 | J322: 49.746612 | K322: 42.473978 | L322: -0.4945385 | M322: =IF(L322<0,0,L322) -> 0 | N322: 0 | O322: PRODUCING | P322: 185 | R322: 85 | S322: 39.9 | T322: 40 | U322: 77 | V322: 0.21 | W322: 450 | X322: 1 | Y322: NONE | Z322: 0 | AA322: poorlymanaged | AB322: 0 | AC322: 3262.3 | AD322: 3344 | AE322: 0.56 | AF322: 1.437 | AG322: 0.33 | AH322: 832
A323: name arpr RR2/RS2 | B323: Fairley Baram | C323: p4.0_50n | D323: p4.0_50n | E323: 0.30926731 | F323: 0.1171207 | G323: 0.1537795 | H323: 0.1537795 | I323: 49.723813 | J323: 48.294848 | K323: 44.238047 | L323: -5.4857656 | M323: =IF(L323<0,0,L323) -> 0 | N323: 0 | O323: PRODUCING | P323: 186.12 | R323: 85.622222 | S323: 39.9 | T323: 16 | U323: 75 | V323: 0.21 | W323: 300 | X323: 1 | Y323: NONE | Z323: 0 | AA323: poorlymanaged | AB323: 0 | AC323: 3382.3 | AD323: 3344 | AE323: 0.6 | AF323: 1.451 | AG323: 0.33 | AH323: 861
A324: done | B324: Fairley Baram | C324: p4.0_50s | D324: p4.0_50s | E324: 4.3832205 | F324: 1.3316918 | G324: 1.4742367 | H324: 1.4742367 | I324: 33.633642 | J324: 48.874936 | K324: 43.855935 | L324: 10.222293 | M324: =IF(L324<0,0,L324) -> 10.222293 | N324: 0.44806564 | O324: PRODUCING | P324: 187.2 | R324: 86.222222 | S324: 39.9 | T324: 17 | U324: 81 | V324: 0.21 | W324: 250 | X324: 5 | Y324: NONE | Z324: 0 | AA324: poorlymanaged | AB324: 0.02 | AC324: 3382.3 | AD324: 3344 | AE324: 0.6 | AF324: 1.451 | AG324: 0.33 | AH324: 861
A325: done | B325: Fairley Baram | C325: p5.0_5.5_50n | D325: p5.0_5.5_50n | E325: 1.0311496 | F325: 0.5071886 | G325: 0.5113895 | H325: 0.5113895 | I325: 49.594111 | J325: 51.838039 | K325: 43.670434 | L325: -5.9236772 | M325: =IF(L325<0,0,L325) -> 0 | N325: 0 | O325: PRODUCING | P325: 188.592 | R325: 86.995556 | S325: 39.9 | T325: 40 | U325: 99 | V325: 0.2 | W325: 500 | X325: 2 | Y325: NONE | Z325: 0 | AA325: poorlymanaged | AB325: 0.2 | AC325: 3411.3 | AD325: 3344 | AE325: 0.52 | AF325: 1.46 | AG325: 0.33 | AH325: 878
A326: done | B326: Fairley Baram | C326: p5.0_5.5_50s | D326: p5.0_5.5_50s | E326: 2.5955595 | F326: 0.4600071 | G326: 0.6045596 | H326: 0.65816795 | I326: 25.35746 | J326: 52.141786 | K326: 43.426429 | L326: 18.068969 | M326: =IF(L326<0,0,L326) -> 18.068969 | N326: 0.46899083 | O326: PRODUCING | P326: 188.592 | R326: 86.995556 | S326: 39.9 | T326: 38 | U326: 57 | V326: 0.21 | W326: 300 | X326: 5 | Y326: NONE | Z326: 0 | AA326: poorlymanaged | AB326: 0.08 | AC326: 3412.3 | AD326: 3344 | AE326: 0.52 | AF326: 1.46 | AG326: 0.33 | AH326: 878
A327: done | B327: Fairley Baram | C327: p6.0_50n | D327: p6.0_50n | E327: 0.9445264 | F327: 0.7163474 | G327: 0.7211024 | H327: 0.7211024 | I327: 76.345393 | J327: 56.571521 | K327: 42.505934 | L327: -33.83946 | M327: =IF(L327<0,0,L327) -> 0 | N327: 0 | O327: PRODUCING | P327: 188.592 | R327: 86.995556 | S327: 39.9 | T327: 15 | U327: 109 | V327: 0.21 | W327: 500 | X327: 2 | Y327: NONE | Z327: 0 | AA327: poorlymanaged | AB327: 0.34 | AC327: 3411.3 | AD327: 3344 | AE327: 0.45 | AF327: 1.46 | AG327: 0.33 | AH327: 890
A328: done | B328: Fairley Baram | C328: q1.0_50n | D328: q1.0_50n | E328: 0.39872284 | F328: 0.0954749 | G328: 0.0962568 | H328: 0.52512363 | I328: 131.70142 | J328: 56.306701 | K328: 42.441348 | L328: -89.26007 | M328: =IF(L328<0,0,L328) -> 0 | N328: 0 | O328: PRODUCING | P328: 193.992 | R328: 89.995556 | S328: 39.7 | T328: 24 | U328: 59 | V328: 0.2 | W328: 400 | X328: 1 | Y328: NONE | Z328: 0 | AA328: poorlymanaged | AB328: 0.05 | AC328: 3514.3 | AD328: 3344 | AE328: 0.45 | AF328: 1.475 | AG328: 0.31 | AH328: 910
A329: done | B329: Fairley Baram | C329: q6.0_6.1_50 | D329: q6.0_6.1_50 | E329: 12.649243 | F329: 2.8347643 | G329: 3.1359302 | H329: 3.1359302 | I329: 24.791446 | J329: 48.223148 | K329: 44.530403 | L329: 19.738957 | M329: =IF(L329<0,0,L329) -> 19.738957 | N329: 2.4968287 | O329: PRODUCING | P329: 195 | R329: 90.555556 | S329: 39.7 | T329: 55 | U329: 195 | V329: 0.22 | W329: 1000 | X329: 3 | Y329: NONE | Z329: 0 | AA329: poorlymanaged | AB329: 0.27 | AC329: 3697.3 | AD329: 3780 | AE329: 0.6 | AF329: 1.506 | AG329: 0.31 | AH329: 974
... A419: updated | B419: Sumandak Main | C419: u 1.0 - u 1.2 | D419: SMDK M_u 1.0 - u 1.2 | E419: 18.01 | F419: 8.0613497 | G419: 8.3049923 | H419: 8.5644889 | I419: 47.554075 | J419: 44.626688 | K419: 46.221629 | L419: -1.3324454 | M419: =IF(L419<0,0,L419) -> 0 | N419: 0 | O419: PRODUCING | P419: 135 | R419: 57.222222 | S419: 24.5 | T419: 209.97376 | U419: 209.97376 | V419: 0.24 | W419: 400 | X419: 11 | Y419: NONE | Z419: 5 | AA419: wellmanaged | AB419: 0.2 | AC419: 1794 | AD419: 1755 | AE419: 0.8 | AF419: 1.1 | AG419: 1.64 | AH419: 236
A420: done | B420: Sumandak Selatan | C420: u9.0 | D420: SMDK S_u9.0 | E420: 17.0497 | F420: 3.640394 | G420: 3.8492445 | H420: 3.8492445 | I420: 22.576611 | J420: 57.84294 | K420: 41.898699 | L420: 19.322088 | M420: =IF(L420<0,0,L420) -> 19.322088 | N420: 3.294358 | O420: PRODUCING | P420: 155 | Q420: 2 | R420: 68.333333 | S420: 24 | T420: 153.71485 | U420: 124.678 | V420: 0.28 | W420: 47 | X420: 6 | Y420: WAT | Z420: 1 | AA420: wellmanaged | AB420: 2 | AC420: 2142 | AD420: 2029 | AE420: 0.7 | AF420: 1.169 | AG420: 1.3374 | AH420: 377
A421: NON PSC. STOOIP higher | B421: Sumandak Selatan | C421: u9.1 | D421: SMDK S_u9.1 | E421: 4.7934 | F421: 3.087525 | G421: 3.087525 | H421: 3.087525 | I421: 64.412004 | J421: 58.557922 | K421: 41.886792 | L421: -22.525212 | M421: =IF(L421<0,0,L421) -> 0 | N421: 0 | O421: PRODUCING | P421: 155 | Q421: 1 | R421: 68.333333 | S421: 24 | T421: 93.24602 | U421: 124.678 | V421: 0.28 | W421: 18 | X421: 3 | Y421: WAT | Z421: 2 | AA421: wellmanaged | AB421: 2 | AC421: 2156 | AD421: 2029 | AE421: 0.7 | AF421: 1.169 | AG421: 1.3374 | AH421: 377
A422: done | B422: Sumandak Selatan | C422: u9.2 | D422: SMDK S_u9.2 | E422: 38.3059 | F422: 10.509362 | G422: 10.998981 | H422: 10.998981 | I422: 28.713543 | J422: 57.455946 | K422: 43.232233 | L422: 14.518691 | M422: =IF(L422<0,0,L422) -> 14.518691 | N422: 5.5615152 | O422: PRODUCING | P422: 155 | Q422: 1 | R422: 68.333333 | S422: 24 | T422: 145.0202 | U422: 124.678 | V422: 0.27 | W422: 93 | X422: 12 | Y422: WAT | Z422: 2 | AA422: fairlymanaged | AB422: 2 | AC422: 2156 | AD422: 2029 | AE422: 0.7 | AF422: 1.169 | AG422: 1.3374 | AH422: 377
A423: Updated | B423: Sumandak Tepi | C423: mid u6.0-9.0 | D423: SMDK T_mid u6.0-9.0 | E423: 14.6 | F423: 4.8960993 | G423: 5.8778854 | H423: 6.7477944 | I423: 46.21777 | J423: 47.672862 | K423: 46.831064 | L423: 0.61329444 | M423: =IF(L423<0,0,L423) -> 0.61329444 | N423: 0.089540988 | O423: PRODUCING | P423: 145 | Q423: 3 | R423: 62.777778 | S423: 20.7 | T423: 300 | U423: 164 | V423: 0.25 | W423: 500 | X423: 4 | Y423: WAT | Z423: 1 | AA423: wellmanaged | AB423: 0.64 | AC423: 1762 | AD423: 1762 | AE423: 0.7 | AF423: 1.116 | AG423: 1.68 | AH423: 221
A424: done | B424: Sumandak Tepi | C424: mid u9.2 | D424: SMDK T_mid u9.2 | E424: 9.13 | F424: 2.0248894 | G424: 2.5892089 | H424: 2.9483419 | I424: 32.292902 | J424: 47.425488 | K424: 46.958632 | L424: 14.66573 | M424: =IF(L424<0,0,L424) -> 14.66573 | N424: 1.3389812 | O424: PRODUCING | P424: 149 | Q424: 3 | R424: 65 | S424: 20.7 | T424: 150 | U424: 92 | V424: 0.25 | W424: 200 | X424: 3 | Y424: WAT | Z424: 2 | AA424: wellmanaged | AB424: 0.37 | AC424: 1901 | AD424: 1901 | AE424: 0.7 | AF424: 1.116 | AG424: 1.68 | AH424: 221
A425: no arpr input | B425: Temana | C425: h30_8-h30 | D425: TEMANA_h30_8-h30 | E425: 2.4942178 | F425: 0.0078289 | G425: 0.0081343 | H425: 0.0081343 | I425: 0.32612629 | J425: 75.0819 | K425: 30.936391 | L425: 30.610265 | M425: =IF(L425<0,0,L425) -> 30.610265 | N425: 0.76348669 | O425: PRODUCING | P425: 130 | R425: 54.444444 | S425: 21 | T425: 12.82 | U425: 141.083 | V425: 0.3 | W425: 114.04 | X425: 0 | Y425: NONE | Z425: 0 | AA425: fairlymanaged | AB425: 1.1172177 | AC425: 760 | AD425: 760 | AE425: 0.49 | AF425: 1.07194 | AG425: 10.48 | AH425: 108
A426: done | B426: Temana | C426: h47_8-h47 | D426: h47_8-h47 | E426: 1.7860431 | F426: 1.5845634 | G426: 1.5845634 | H426: 1.5845634 | I426: 88.719215 | J426: 72.637475 | K426: 32.944959 | L426: -55.774256 | M426: =IF(L426<0,0,L426) -> 0 | N426: 0 | O426: PRODUCING | P426: 130 | R426: 54.444444 | S426: 21 | T426: 42.5 | U426: 141.083 | V426: 0.33 | W426: 3000 | X426: 0 | Y426: NONE | Z426: 0 | AA426: fairlymanaged | AB426: 0.15899342 | AC426: 790 | AD426: 790 | AE426: 0.53 | AF426: 1.0752 | AG426: 9.66 | AH426: 112
A427: done | B427: Temana | C427: h47_6/7 - h47 | D427: h47_6/7 - h47 | E427: 7.2764401 | F427: 2.0327117 | G427: 2.1832482 | H427: 2.1832482 | I427: 30.004345 | J427: 74.319217 | K427: 31.448526 | L427: 1.4441806 | M427: =IF(L427<0,0,L427) -> 1.4441806 | N427: 0.10508494 | O427: PRODUCING | P427: 135 | R427: 57.222222 | S427: 20 | T427: 29.81 | U427: 301.852 | V427: 0.27 | W427: 697 | X427: 1 | Y427: NONE | Z427: 0 | AA427: fairlymanaged | AB427: 0.18941654 | AC427: 839 | AD427: 839 | AE427: 0.5 | AF427: 1.07908 | AG427: 9.5825 | AH427: 115
A428: done | B428: Temana | C428: h_6/7 - h21 | D428: TEMANA_h_6/7 - h21 | E428: 3.9258062 | F428: 0.2050406 | G428: 0.2050406 | H428: 0.2050406 | I428: 5.2228916 | J428: 78.529936 | K428: 28.576333 | L428: 23.353441 | M428: =IF(L428<0,0,L428) -> 23.353441 | N428: 0.91681084 | O428: PRODUCING | P428: 140.1414 | R428: 60.078556 | S428: 19 | T428: 19 | U428: 301.852 | V428: 0.275 | W428: 1174 | X428: 0 | Y428: NONE | Z428: 0 | AA428: fairlymanaged | AB428: 2.3649854 | AC428: 839.4 | AD428: 839.4 | AE428: 0.445 | AF428: 1.08 | AG428: 10 | AH428: 109
A429: done | B429: Temana | C429: h_6/7-h15 | D429: h_6/7-h15 | E429: 20.489574 | F429: 8.4318493 | G429: 8.5689172 | H429: 8.5689172 | I429: 41.820866 | J429: 67.078166 | K429: 37.995691 | L429: -3.8251752 | M429: =IF(L429<0,0,L429) -> 0 | N429: 0 | O429: PRODUCING | P429: 141.1294 | R429: 60.627444 | S429: 18.9 | T429: 11 | U429: 73 | V429: 0.211994 | W429: 527.6328 | X429: 2 | Y429: NONE | Z429: 0 | AA429: wellmanaged | AB429: 0 | AC429: 765 | AD429: 703 | AE429: 0.6 | AF429: 1.05 | AG429: 9 | AH429: 123
A430: done | B430: Temana | C430: h_6/7 - h20 | D430: h_6/7 - h20 | E430: 6.0292427 | F430: 1.8137822 | G430: 1.8757379 | H430: 1.8757379 | I430: 31.110672 | J430: 79.52605 | K430: 27.645696 | L430: -3.4649758 | M430: =IF(L430<0,0,L430) -> 0 | N430: 0 | O430: PRODUCING | P430: 142 | R430: 61.111111 | S430: 19 | T430: 56 | U430: 206.703 | V430: 0.275 | W430: 1767 | X430: 1 | Y430: NONE | Z430: 0 | AA430: fairlymanaged | AB430: 2.1341889 | AC430: 839.4 | AD430: 839.4 | AE430: 0.45 | AF430: 1.08 | AG430: 10 | AH430: 109
A431: done | B431: Temana | C431: h_6/7 - h22 | D431: TEMANA_h_6/7 - h22 | E431: 4.6699206 | F431: 0.1750159 | G431: 0.1750159 | H431: 0.1750159 | I431: 3.7477275 | J431: 88.644984 | K431: 19.96293 | L431: 16.215203 | M431: =IF(L431<0,0,L431) -> 16.215203 | N431: 0.75723711 | O431: PRODUCING | P431: 144.538 | R431: 62.521111 | S431: 19 | T431: 12 | U431: 301.852 | V431: 0.255 | W431: 41 | X431: 0 | Y431: NONE | Z431: 0 | AA431: fairlymanaged | AB431: 0.58176069 | AC431: 839 | AD431: 839 | AE431: 0.42 | AF431: 1.08 | AG431: 10 | AH431: 109
A432: done | B432: Temana | C432: h_6/7-h25 | D432: h_6/7-h25 | E432: 31.292929 | F432: 18.335083 | G432: 18.651429 | H432: 18.651429 | I432: 59.602695 | J432: 60.496879 | K432: 40.868154 | L432: -18.734541 | M432: =IF(L432<0,0,L432) -> 0 | N432: 0 | O432: PRODUCING | P432: 144.785 | R432: 62.658333 | S432: 18.5 | T432: 19 | U432: 92 | V432: 0.213009 | W432: 530.2157 | X432: 0 | Y432: NONE | Z432: 0 | AA432: wellmanaged | AB432: 0 | AC432: 950 | AD432: 950 | AE432: 0.7 | AF432: 1.05 | AG432: 5 | AH432: 132
...

Sheet v1
A1: Remarks_Nis | B1: Field | C1: Reservoir | D1: Field & Reservoir | E1: STOIIP_ARPR 1.1.2025 | F1: Np_ARPR 1.1.2025 | G1: UR_ARPR 1.1.2025 | H1: EUR_ARPR 1.1.2026 | I1: RF_ARPR 1.1.2025 (calculated) | J1: RCI | K1: Benchmark RF (%) | L1: RF Gap =Benchmark RF - Field RF (%) | M1: RF Gap =Benchmark RF - Field RF (%) abs | N1: CR volume potential = RF Gap x STOIIP (MMSTB) | O1: Non producing reservoirs | P1: Reservoir Temperature (F) | Q1: # Idle Well (June 25) | R1: Temp (deg C) | S1: Oil API | T1: Gross Thickness (ft) | U1: Oil Column (ft) | V1: Avg Porosity | W1: Avg Permeability (mD) | X1: Oil Producers | Y1: Injected Fluid | Z1: Injectors | AA1: Historical Pressure Management | AB1: Gas cap m-ratio | AC1: Initial Reservoir Pressure (psi) | AD1: Bubble point (psi) | AE1: Initial Oil Saturation (Soi) | AF1: Oil FVF (Boi) | AG1: Oil Viscosity (cP) | AH1: Solution GOR (scf/bbl)
A2: done | B2: Dulang | C2: e20/22_se1 | D2: e20/22_se1 | E2: 7.98 | F2: 0.37204852 | G2: 0.40079128 | H2: 0.40079128 | I2: 5.0224471 | J2: 0 | K2: 0 | L2: -5.0224471 | M2: =IF(L2<0,0,L2) -> 0 | N2: 0 | O2: PRODUCING | P2: 0 | R2: 96 | S2: 30 | T2: 286.5 | U2: 104 | V2: 0.01 | W2: 0.01 | X2: 0 | Y2: NONE | Z2: 0 | AA2: 0
A3: done | B3: Dulang | C3: e23_se1 | D3: e23_se1 | E3: 0.9 | F3: 0 | G3: 0 | H3: 0 | I3: 0 | J3: 0 | K3: 0 | L3: 0 | M3: =IF(L3<0,0,L3) -> 0 | N3: 0 | O3: NONPRODUCING | P3: 0 | R3: 96 | S3: 30 | T3: 111 | U3: 232 | V3: 0.01 | W3: 0.01 | X3: 2 | Y3: NONE | Z3: 0 | AA3: 0
A4: done | B4: Bokor | C4: a1.4b - a2.0_1 | D4: BOKOR_a1.4b - a2.0_1 | E4: 88.331375 | F4: 3.0493606 | G4: 7.2276262 | H4: 16.594731 | I4: 18.786904 | J4: 70.982991 | K4: 34.611724 | L4: 15.82482 | M4: =IF(L4<0,0,L4) -> 15.82482 | N4: 13.978281 | O4: PRODUCING | P4: 107 | R4: 41.666667 | S4: 19 | T4: 135 | U4: 21 | V4: 0.31 | W4: 1500 | X4: 7 | Y4: NONE | Z4: 0 | AA4: wellmanaged
A5: done | B5: Bokor | C5: a3.0 - a7.0_1 | D5: a3.0 - a7.0_1 | E5: 153.39217 | F5: 50.399897 | G5: 60.944936 | H5: 76.929397 | I5: 50.152101 | J5: 64.374424 | K5: 38.866807 | L5: -11.285294 | M5: =IF(L5<0,0,L5) -> 0 | N5: 0 | O5: PRODUCING | P5: 113 | R5: 45 | S5: 20 | T5: 28 | U5: 26 | V5: 0.29 | W5: 1750 | X5: 33 | Y5: NONE | Z5: 0 | AA5: fairlymanaged
A6: Not updated | B6: Kental | C6: kamunsu a | D6: kamunsu a | E6: 21.9 | F6: 0 | G6: 0 | H6: 0 | I6: 0 | J6: 45.696002 | K6: 41.490896 | L6: 41.490896 | M6: =IF(L6<0,0,L6) -> 41.490896 | N6: 9.0865063 | O6: NONPRODUCING | P6: 117.45 | R6: 47.472222 | S6: 29.8 | T6: 111.85257 | U6: 40.461292 | V6: 0.312 | W6: 460.163 | X6: 3 | Y6: NONE | Z6: 0 | AA6: poorlymanaged
A7: DONE | B7: Angsi | C7: i-68_main | D7: ANGSI_i-68_main | E7: 230.6 | F7: 74.262301 | G7: 79.666099 | H7: 80.942712 | I7: 35.100916 | J7: 55.010921 | K7: 38.529838 | L7: 3.4289222 | M7: =IF(L7<0,0,L7) -> 3.4289222 | N7: 7.9070947 | O7: PRODUCING | P7: 118 | R7: 116.11111 | S7: 42 | T7: 30 | U7: 164 | V7: 0.21 | W7: 150 | X7: 12 | Y7: WAT | Z7: 9 | AA7: wellmanaged | AB7: 0.22 | AC7: 2517 | AD7: 2517 | AE7: 0.7 | AF7: 1.45 | AG7: 0.39 | AH7: 670
A8: Not updated | B8: Kental | C8: kamunsu b | D8: kamunsu b | E8: 42.79 | F8: 0 | G8: 0 | H8: 0 | I8: 0 | J8: 46.264026 | K8: 42.001352 | L8: 42.001352 | M8: =IF(L8<0,0,L8) -> 42.001352 | N8: 17.972379 | O8: NONPRODUCING | P8: 120.13 | R8: 48.961111 | S8: 29.8 | T8: 216.51319 | U8: 73.061308 | V8: 0.285 | W8: 258.016 | X8: 3 | Y8: NONE | Z8: 0 | AA8: poorlymanaged
A9: done | B9: Bestari | C9: lower kamunsu_central (cqd) | D9: lower kamunsu_central (cqd) | E9: 123.1 | F9: 0 | G9: 0 | H9: 30.487995 | I9: 24.766852 | J9: 53.6157 | K9: 40.176148 | L9: 15.409295 | M9: =IF(L9<0,0,L9) -> 15.409295 | N9: 18.968843 | O9: NONPRODUCING | P9: 122 | R9: 50 | S9: 28 | T9: 72.1785 | U9: 118.47113 | V9: 0.3 | W9: 230 | X9: 6 | Y9: WAT | Z9: 2 | AA9: wellmanaged
A10: done | B10: Bokor | C10: b1.0 - b9.0_1 | D10: b1.0 - b9.0_1 | E10: 62.276455 | F10: 21.172195 | G10: 22.744958 | H10: 34.965349 | I10: 56.145374 | J10: 68.007883 | K10: 37.283804 | L10: -18.861571 | M10: =IF(L10<0,0,L10) -> 0 | N10: 0 | O10: PRODUCING | P10: 123 | R10: 50.555556 | S10: 20 | T10: 103 | U10: 22 | V10: 0.27 | W10: 2450 | X10: 15 | Y10: NONE | Z10: 0 | AA10: wellmanaged
A11: done | B11: Bokor | C11: c3.0 - c5.0_1 | D11: c3.0 - c5.0_1 | E11: 50.1 | F11: 20.538271 | G11: 22.794027 | H11: 29.320006 | I11: 58.522967 | J11: 71.456322 | K11: 35.279658 | L11: -23.243309 | M11: =IF(L11<0,0,L11) -> 0 | N11: 0 | O11: PRODUCING | P11: 128 | R11: 53.333333 | S11: 20 | T11: 28 | U11: 8 | V11: 0.25 | W11: 2500 | X11: 17 | Y11: NONE | Z11: 0 | AA11: fairlymanaged
A12: stooip is updated | B12: Siwa | C12: e7.0_1 | D12: e7.0_1 | E12: 4.3221838 | F12: 1.424 | G12: 1.424 | H12: 1.424 | I12: 32.946308 | J12: 67.317964 | K12: 34.837293 | L12: 1.8909846 | M12: =IF(L12<0,0,L12) -> 1.8909846 | N12: 0.081731829 | O12: PRODUCING | P12: 129.375 | R12: 54.097222 | S12: 20 | T12: 30 | U12: 68 | V12: 0.24 | W12: 320 | X12: 1 | Y12: NONE | Z12: 0 | AA12: poorlymanaged
A13: done | B13: Temana | C13: h30_8-h30 | D13: TEMANA_h30_8-h30 | E13: 2.4942178 | F13: 0.0078289 | G13: 0.0081343 | H13: 0.0081343 | I13: 0.32612629 | J13: 75.0819 | K13: 30.936391 | L13: 30.610265 | M13: =IF(L13<0,0,L13) -> 30.610265 | N13: 0.76348669 | O13: PRODUCING | P13: 130 | R13: 54.444444 | S13: 21 | T13: 12.82 | U13: 141.083 | V13: 0.3 | W13: 114.04 | X13: 0 | Y13: NONE | Z13: 0 | AA13: fairlymanaged
A14: done | B14: Temana | C14: h47_8-h47 | D14: h47_8-h47 | E14: 1.7860431 | F14: 1.5845634 | G14: 1.5845634 | H14: 1.5845634 | I14: 88.719215 | J14: 72.637475 | K14: 32.944959 | L14: -55.774256 | M14: =IF(L14<0,0,L14) -> 0 | N14: 0 | O14: PRODUCING | P14: 130 | R14: 54.444444 | S14: 21 | T14: 42.5 | U14: 141.083 | V14: 0.33 | W14: 3000 | X14: 0 | Y14: NONE | Z14: 0 | AA14: fairlymanaged
A15: done | B15: Bokor | C15: d1.0 - d3.2_1 | D15: d1.0 - d3.2_1 | E15: 90.5 | F15: 27.828388 | G15: 32.408937 | H15: 40.745794 | I15: 45.022977 | J15: 70.807132 | K15: 35.921419 | L15: -9.1015575 | M15: =IF(L15<0,0,L15) -> 0 | N15: 0 | O15: PRODUCING | P15: 132 | R15: 55.555556 | S15: 20 | T15: 62 | U15: 24 | V15: 0.29 | W15: 900 | X15: 19 | Y15: NONE | Z15: 0 | AA15: fairlymanaged
A16: done | B16: Sumandak Main | C16: u 2.0 - u 4.0 | D16: SMDK M_u 2.0 - u 4.0 | E16: 24.83 | F16: 14.378645 | G16: 14.684559 | H16: 14.85923 | I16: 59.843859 | J16: 45.346759 | K16: 46 | L16: -13.843859 | M16: =IF(L16<0,0,L16) -> 0 | N16: 0 | O16: PRODUCING | P16: 133 | R16: 56.111111 | S16: 25 | T16: 354.33072 | U16: 354.33072 | V16: 0.26 | W16: 300 | X16: 15 | Y16: NONE | Z16: 4 | AA16: wellmanaged
A17: done | B17: Bokor | C17: e1.0 - e7.0_1 | D17: e1.0 - e7.0_1 | E17: 155.35 | F17: 55.331906 | G17: 64.09559 | H17: 84.996397 | I17: 54.71284 | J17: 45.679466 | K17: 44.197374 | L17: -10.515465 | M17: =IF(L17<0,0,L17) -> 0 | N17: 0 | O17: PRODUCING | P17: 134 | R17: 56.666667 | S17: 20 | T17: 30 | U17: 19 | V17: 0.24 | W17: 1900 | X17: 33 | Y17: NONE | Z17: 0 | AA17: wellmanaged
A18: done | B18: Sumandak Main | C18: u 5.0 - u 6.0 | D18: SMDK M_u 5.0 - u 6.0 | E18: 4.05 | F18: 0.30492083 | G18: 0.30492083 | H18: 0.30492083 | I18: 7.5289094 | J18: 46.180117 | K18: 39.261761 | L18: 31.732852 | M18: =IF(L18<0,0,L18) -> 31.732852 | N18: 1.2851805 | O18: PRODUCING | P18: 134 | R18: 56.666667 | S18: 25 | T18: 85.30184 | U18: 85.30184 | V18: 0.18 | W18: 5 | X18: 1 | Y18: NONE | Z18: 0 | AA18: wellmanaged
A19: DONE | B19: Baram | C19: 10c-i_10 | D19: BARAM_10c-i_10 | E19: 29.9 | F19: 1.7916493 | G19: 1.9532953 | H19: 3.2936564 | I19: 11.015573 | J19: 68.042131 | K19: 33.474819 | L19: 22.459246 | M19: =IF(L19<0,0,L19) -> 22.459246 | N19: 6.7153146 | O19: PRODUCING | P19: 135 | R19: 57.222222 | S19: 19 | T19: 342.7 | U19: 658 | V19: 0.284 | W19: 869.3 | X19: 1 | Y19: NONE | Z19: 0 | AA19: fairlymanaged | AB19: 0 | AC19: 1344 | AD19: 1292 | AE19: 0.45 | AF19: 1.074 | AG19: 3.396 | AH19: 146
A20: done | B20: Sumandak Main | C20: u 1.0 - u 1.2 | D20: SMDK M_u 1.0 - u 1.2 | E20: 18.01 | F20: 8.0613497 | G20: 8.3049923 | H20: 8.5644889 | I20: 47.554075 | J20: 44.626688 | K20: 46.221629 | L20: -1.3324454 | M20: =IF(L20<0,0,L20) -> 0 | N20: 0 | O20: PRODUCING | P20: 135 | R20: 57.222222 | S20: 24.5 | T20: 209.97376 | U20: 209.97376 | V20: 0.24 | W20: 400 | X20: 11 | Y20: NONE | Z20: 5 | AA20: wellmanaged
A21: done | B21: Temana | C21: h47_6/7 - h47 | D21: h47_6/7 - h47 | E21: 7.2764401 | F21: 2.0327117 | G21: 2.1832482 | H21: 2.1832482 | I21: 30.004345 | J21: 74.319217 | K21: 31.448526 | L21: 1.4441806 | M21: =IF(L21<0,0,L21) -> 1.4441806 | N21: 0.10508494 | O21: PRODUCING | P21: 135 | R21: 57.222222 | S21: 20 | T21: 29.81 | U21: 301.852 | V21: 0.27 | W21: 697 | X21: 1 | Y21: NONE | Z21: 0 | AA21: fairlymanaged
A22: done | B22: Limbayong | C22: upper kinarut_central | D22: LMBY_upper kinarut_central | E22: 322 | F22: 0 | G22: 0 | H22: 33.232926 | I22: 10.320784 | J22: 50.207646 | K22: 40.445519 | L22: 30.124735 | M22: =IF(L22<0,0,L22) -> 30.124735 | N22: 97.001646 | O22: NONPRODUCING | P22: 136 | R22: 57.777778 | S22: 32 | T22: 164.05 | U22: 0 | V22: 0.29 | W22: 110 | X22: 4 | Y22: WAT | Z22: 3 | AA22: poorlymanaged
A23: done | B23: Baram | C23: 10w-i_10 | D23: BARAM_10w-i_10 | E23: 107.3 | F23: 21.851261 | G23: 24.013552 | H23: 38.194472 | I23: 35.595966 | J23: 58.995421 | K23: 38.729073 | L23: 3.1331073 | M23: =IF(L23<0,0,L23) -> 3.1331073 | N23: 3.3618241 | O23: PRODUCING | P23: 137 | R23: 58.333333 | S23: 20 | T23: 300 | U23: 638.7 | V23: 0.31 | W23: 3705 | X23: 7 | Y23: NONE | Z23: 0 | AA23: fairlymanaged | AB23: 0 | AC23: 1350 | AD23: 1382 | AE23: 0.6 | AF23: 1.082 | AG23: 2.837 | AH23: 163
A24: done | B24: Bokor | C24: g1.0 - g5.0_1 | D24: g1.0 - g5.0_1 | E24: 3.633898 | F24: 2.8799718 | G24: 3.5700761 | H24: 3.5700761 | I24: 98.243707 | J24: 60.422271 | K24: 40.81052 | L24: -57.433187 | M24: =IF(L24<0,0,L24) -> 0 | N24: 0 | O24: PRODUCING | P24: 137 | R24: 58.333333 | S24: 21 | T24: 34 | U24: 11 | V24: 0.27 | W24: 1150 | X24: 5 | Y24: NONE | Z24: 0 | AA24: fairlymanaged
A25: done | B25: Baram | C25: 1c-i_1c | D25: BARAM_1c-i_1c | E25: 1.2 | F25: 0.6519837 | G25: 0.7108069 | H25: 0.7380411 | I25: 61.503425 | J25: 0 | K25: 0 | L25: -61.503425 | M25: =IF(L25<0,0,L25) -> 0 | N25: 0 | O25: PRODUCING | P25: 138 | R25: 58.888889 | S25: 19 | T25: 126.8 | U25: 126.8 | V25: 0.292 | W25: 690.9 | X25: 1 | Y25: NONE | Z25: 0 | AA25: poorlymanaged
A26: done | B26: Baram | C26: 12/31-i-1/3_12/31 | D26: BARAM_12/31-i-1/3_12/31 | E26: 34.233923 | F26: 23.048615 | G26: 25.41943 | H26: 33.186416 | I26: 96.940149 | J26: 65.461075 | K26: 35.89461 | L26: -61.045539 | M26: =IF(L26<0,0,L26) -> 0 | N26: 0 | O26: PRODUCING | P26: 139 | R26: 59.444444 | S26: 19.49 | T26: 243.2 | U26: 203 | V26: 0.29 | W26: 1001.3 | X26: 6 | Y26: NONE | Z26: 0 | AA26: fairlymanaged
A27: done | B27: Baram | C27: 12/31-i-4_12/31 | D27: BARAM_12/31-i-4_12/31 | E27: 48.096531 | F27: 36.067542 | G27: 39.321625 | H27: 45.005622 | I27: 93.57353 | J27: 60.842344 | K27: 36.713288 | L27: -56.860242 | M27: =IF(L27<0,0,L27) -> 0 | N27: 0 | O27: PRODUCING | P27: 139 | R27: 59.444444 | S27: 19.5 | T27: 121.4 | U27: 88 | V27: 0.31 | W27: 1008 | X27: 8 | Y27: NONE | Z27: 0 | AA27: fairlymanaged
A28: done | B28: Baram | C28: 1b-i-4_1b | D28: BARAM_1b-i-4_1b | E28: 11.2 | F28: 0 | G28: 0 | H28: 0.8841933 | I28: 7.894583 | J28: 0 | K28: 0 | L28: -7.894583 | M28: =IF(L28<0,0,L28) -> 0 | N28: 0 | O28: NONPRODUCING | P28: 140 | R28: 60 | S28: 19 | T28: 90.3 | U28: 49.1 | V28: 0.309 | W28: 1928.7 | X28: 0 | Y28: NONE | Z28: 0 | AA28: poorlymanaged
A29: Np is lower | B29: Baram | C29: 1m-i_1m | D29: BARAM_1m-i_1m | E29: 16 | F29: 5.9701968 | G29: 6.5088395 | H29: 6.7582223 | I29: 42.238889 | J29: 0 | K29: 0 | L29: -42.238889 | M29: =IF(L29<0,0,L29) -> 0 | N29: 0 | O29: PRODUCING | P29: 140 | R29: 60 | S29: 19 | T29: 384.3 | U29: 459 | V29: 0.3 | W29: 532.5 | X29: 1 | Y29: NONE | Z29: 0 | AA29: poorlymanaged
A30: done | B30: Bokor | C30: e8.0 - f6.2_1 | D30: e8.0 - f6.2_1 | E30: 124.9 | F30: 49.403287 | G30: 56.614357 | H30: 70.395195 | I30: 56.361245 | J30: 42.920263 | K30: 44.811094 | L30: -11.550151 | M30: =IF(L30<0,0,L30) -> 0 | N30: 0 | O30: PRODUCING | P30: 140 | R30: 60 | S30: 20 | T30: 37 | U30: 19 | V30: 0.26 | W30: 2400 | X30: 24 | Y30: NONE | Z30: 0 | AA30: fairlymanaged
A31: done | B31: Temana | C31: h_6/7 - h21 | D31: TEMANA_h_6/7 - h21 | E31: 3.9258062 | F31: 0.2050406 | G31: 0.2050406 | H31: 0.2050406 | I31: 5.2228916 | J31: 78.529936 | K31: 28.576333 | L31: 23.353441 | M31: =IF(L31<0,0,L31) -> 23.353441 | N31: 0.91681084 | O31: PRODUCING | P31: 140.1414 | R31: 60.078556 | S31: 19 | T31: 19 | U31: 301.852 | V31: 0.275 | W31: 1174 | X31: 0 | Y31: NONE | Z31: 0 | AA31: fairlymanaged
A32: DONE | B32: Baram | C32: 10c-k/l_10 | D32: BARAM_10c-k/l_10 | E32: 1.03 | F32: 0 | G32: 0 | H32: 0.2047755 | I32: 19.881117 | J32: 0 | K32: 0 | L32: -19.881117 | M32: =IF(L32<0,0,L32) -> 0 | N32: 0 | O32: NONPRODUCING | P32: 141 | R32: 60.555556 | S32: 25 | T32: 24.95 | U32: 24.95 | V32: 0.3 | W32: 521.02 | X32: 0 | Y32: NONE | Z32: 0 | AA32: fairlymanaged | AB32: 0 | AC32: 1598 | AD32: 1546 | AE32: 0.21 | AF32: 1.11 | AG32: 1.555 | AH32: 219
A33: done | B33: Baram | C33: 10e-k/l_10 | D33: BARAM_10e-k/l_10 | E33: 3.76 | F33: 0 | G33: 0 | H33: 1.2643185 | I33: 33.625492 | J33: 77.674671 | K33: 30.663324 | L33: -2.9621675 | M33: =IF(L33<0,0,L33) -> 0 | N33: 0 | O33: NONPRODUCING | P33: 141 | R33: 60.555556 | S33: 25 | T33: 259.6 | U33: 259.6 | V33: 0.29 | W33: 1028 | X33: 1 | Y33: NONE | Z33: 0 | AA33: fairlymanaged | AB33: 0 | AC33: 1598 | AD33: 1546 | AE33: 0.3 | AF33: 1.303 | AG33: 0.793 | AH33: 219
A34: done | B34: Baram | C34: 1b-i-6_1b | D34: BARAM_1b-i-6_1b | E34: 6.78 | F34: 2.2105253 | G34: 2.4099632 | H34: 2.793658 | I34: 41.204395 | J34: 0 | K34: 0 | L34: -41.204395 | M34: =IF(L34<0,0,L34) -> 0 | N34: 0 | O34: PRODUCING | P34: 141 | R34: 60.555556 | S34: 19 | T34: 82.3 | U34: 112.8 | V34: 0.317 | W34: 2023.2 | X34: 1 | Y34: NONE | Z34: 0 | AA34: poorlymanaged
A35: Not updated. Little info in ARPR. Only H110-H150 | B35: Jangas | C35: h115 | D35: h115 | E35: 79.5 | F35: 0 | G35: 0 | H35: 0 | I35: 0 | J35: 49.945682 | K35: 40.964126 | L35: 40.964126 | M35: =IF(L35<0,0,L35) -> 40.964126 | N35: 32.56648 | O35: NONPRODUCING | P35: 141 | R35: 60.555556 | S35: 30.6 | T35: 185.69554 | U35: 45.603676 | V35: 0.28 | W35: 2250 | X35: 10 | Y35: GAS | Z35: 3 | AA35: poorlymanaged
A36: done | B36: Temana | C36: h_6/7-h15 | D36: h_6/7-h15 | E36: 20.489574 | F36: 8.4318493 | G36: 8.5689172 | H36: 8.5689172 | I36: 41.820866 | J36: 67.078166 | K36: 37.995691 | L36: -3.8251752 | M36: =IF(L36<0,0,L36) -> 0 | N36: 0 | O36: PRODUCING | P36: 141.1294 | R36: 60.627444 | S36: 18.9 | T36: 11 | U36: 73 | V36: 0.211994 | W36: 527.6328 | X36: 2 | Y36: NONE | Z36: 0 | AA36: wellmanaged
A37: done | B37: Baram | C37: 1a-i_1a | D37: BARAM_1a-i_1a | E37: 17.6 | F37: 8.0651311 | G37: 8.7927828 | H37: 9.1296737 | I37: 51.873146 | J37: 0 | K37: 0 | L37: -51.873146 | M37: =IF(L37<0,0,L37) -> 0 | N37: 0 | O37: PRODUCING | P37: 141.605 | R37: 60.891667 | S37: 19 | T37: 273.3 | U37: 554 | V37: 0.286 | W37: 586.3 | X37: 3 | Y37: NONE | Z37: 0 | AA37: wellmanaged
A38: updated | B38: Tukau | C38: 2-d9/e9_block 2 | D38: 2-d9/e9_block 2 | E38: 27.798 | F38: 21.964544 | G38: 22.312247 | H38: 22.773006 | I38: 81.923182 | J38: 68.747468 | K38: 35.95536 | L38: -45.967822 | M38: =IF(L38<0,0,L38) -> 0 | N38: 0 | O38: PRODUCING | P38: 142 | R38: 61.111111 | S38: 27.2 | T38: 36 | U38: 40 | V38: 0.24 | W38: 1201 | X38: 8 | Y38: NONE | Z38: 0 | AA38: wellmanaged
A39: done | B39: Bokor | C39: h1.0 - h5.6_1 | D39: BOKOR_h1.0 - h5.6_1 | E39: 64.598555 | F39: 18.918478 | G39: 22.692379 | H39: 25.104246 | I39: 38.86193 | J39: 54.840811 | K39: 42.762526 | L39: 3.9005952 | M39: =IF(L39<0,0,L39) -> 3.9005952 | N39: 2.5197281 | O39: PRODUCING | P39: 142 | R39: 61.111111 | S39: 22 | T39: 67 | U39: 34 | V39: 0.24 | W39: 1150 | X39: 24 | Y39: NONE | Z39: 0 | AA39: fairlymanaged
A40: done | B40: Temana | C40: h_6/7 - h20 | D40: h_6/7 - h20 | E40: 6.0292427 | F40: 1.8137822 | G40: 1.8757379 | H40: 1.8757379 | I40: 31.110672 | J40: 79.52605 | K40: 27.645696 | L40: -3.4649758 | M40: =IF(L40<0,0,L40) -> 0 | N40: 0 | O40: PRODUCING | P40: 142 | R40: 61.111111 | S40: 19 | T40: 56 | U40: 206.703 | V40: 0.275 | W40: 1767 | X40: 1 | Y40: NONE | Z40: 0 | AA40: fairlymanaged
A41: Check Np | B41: Baram | C41: 12/31-i-6/7_12/31 | D41: BARAM_12/31-i-6/7_12/31 | E41: 50.720059 | F41: 43.922187 | G41: 47.989733 | H41: 56.113968 | I41: 110.63467 | J41: 62.296575 | K41: 36.347304 | L41: -74.287362 | M41: =IF(L41<0,0,L41) -> 0 | N41: 0 | O41: PRODUCING | P41: 142.2 | R41: 61.222222 | S41: 19 | T41: 16.26813 | U41: 6.956 | V41: 0.294319 | W41: 381.0635 | X41: 20 | Y41: NONE | Z41: 0 | AA41: fairlymanaged
A42: Np is different | B42: Baram | C42: 1b-i-7_1b | D42: BARAM_1b-i-7_1b | E42: 7.44 | F42: 1.5159887 | G42: 1.6527641 | H42: 2.5173242 | I42: 33.835003 | J42: 0 | K42: 0 | L42: -33.835003 | M42: =IF(L42<0,0,L42) -> 0 | N42: 0 | O42: PRODUCING | P42: 143 | R42: 61.666667 | S42: 19 | T42: 84.6 | U42: 113 | V42: 0.308 | W42: 1921 | X42: 1 | Y42: NONE | Z42: 0 | AA42: poorlymanaged
A43: Not updated. Little info in ARPR. Only H110-H150 | B43: Jangas | C43: h115a | D43: h115a | E43: 62.85 | F43: 0 | G43: 0 | H43: 0 | I43: 0 | J43: 47.94496 | K43: 40.436756 | L43: 40.436756 | M43: =IF(L43<0,0,L43) -> 40.436756 | N43: 25.414501 | O43: NONPRODUCING | P43: 143 | R43: 61.666667 | S43: 30.6 | T43: 134.51444 | U43: 52.821524 | V43: 0.28 | W43: 1660 | X43: 10 | Y43: GAS | Z43: 3 | AA43: poorlymanaged
A44: done | B44: Baram | C44: 12/31-k_12/31 | D44: BARAM_12/31-k_12/31 | E44: 8.310712 | F44: 0.115697 | G44: 0.1261311 | H44: 1.7810558 | I44: 21.430845 | J44: 65.706219 | K44: 35.782456 | L44: 14.351611 | M44: =IF(L44<0,0,L44) -> 14.351611 | N44: 1.192721 | O44: PRODUCING | P44: 144 | R44: 62.222222 | S44: 26.7 | T44: 304.1 | U44: 304.1 | V44: 0.27 | W44: 223.7 | X44: 2 | Y44: NONE | Z44: 0 | AA44: fairlymanaged
A45: done | B45: Bokor | C45: i1.0 - i9.1_1 | D45: BOKOR_i1.0 - i9.1_1 | E45: 28.004039 | F45: 6.3171346 | G45: 6.7319501 | H45: 9.5115975 | I45: 33.965091 | J45: 53.472206 | K45: 40.921314 | L45: 6.956222 | M45: =IF(L45<0,0,L45) -> 6.956222 | N45: 1.9480231 | O45: PRODUCING | P45: 144 | R45: 62.222222 | S45: 24 | T45: 77 | U45: 14 | V45: 0.22 | W45: 50 | X45: 13 | Y45: NONE | Z45: 0 | AA45: wellmanaged
... A52: Not updated. Little info in ARPR. Only H110-H150 | B52: Jangas | C52: h120 | D52: h120 | E52: 86.2 | F52: 0 | G52: 0 | H52: 0 | I52: 0 | J52: 54.674558 | K52: 39.446112 | L52: 39.446112 | M52: =IF(L52<0,0,L52) -> 39.446112 | N52: 34.002549 | O52: NONPRODUCING | P52: 145 | R52: 62.777778 | S52: 30 | T52: 323.16274 | U52: 23.950132 | V52: 0.26 | W52: 760 | X52: 10 | Y52: GAS | Z52: 3 | AA52: poorlymanaged
A53: Unit 7,8,9. done | B53: Sumandak Tepi | C53: mid u6.0-9.0 | D53: SMDK T_mid u6.0-9.0 | E53: 14.6 | F53: 4.8960993 | G53: 5.8778854 | H53: 6.7477944 | I53: 46.21777 | J53: 47.672862 | K53: 46.831064 | L53: 0.61329444 | M53: =IF(L53<0,0,L53) -> 0.61329444 | N53: 0.089540988 | O53: PRODUCING | P53: 145 | Q53: 3 | R53: 62.777778 | S53: 20.7 | T53: 300 | U53: 164 | V53: 0.25 | W53: 500 | X53: 4 | Y53: WAT | Z53: 1 | AA53: wellmanaged
A54: done | B54: Temana | C54: h45_6/7 | D54: h45_6/7 | E54: 8.6278583 | F54: 3.6737713 | G54: 3.6996882 | H54: 3.6996882 | I54: 42.880725 | J54: 74.354226 | K54: 30.96621 | L54: -11.914515 | M54: =IF(L54<0,0,L54) -> 0 | N54: 0 | O54: PRODUCING | P54: 145 | R54: 62.777778 | S54: 20 | T54: 27.53 | U54: 302 | V54: 0.285 | W54: 2433 | X54: 1 | Y54: NONE | Z54: 0 | AA54: fairlymanaged
A55: done | B55: Baram | C55: 3-i_3 | D55: BARAM_3-i_3 | E55: 4.7 | F55: 0 | G55: 0 | H55: 1.5473383 | I55: 32.922091 | J55: 61.691882 | K55: 36.102721 | L55: 3.1806291 | M55: =IF(L55<0,0,L55) -> 3.1806291 | N55: 0.14948957 | O55: NONPRODUCING | P55: 145.5 | R55: 63.055556 | S55: 19 | T55: 205.8 | U55: 139.86 | V55: 0.26 | W55: 586.4 | X55: 0 | Y55: NONE | Z55: 0 | AA55: fairlymanaged
A56: done | B56: Baram | C56: 11-i_11 | D56: BARAM_11-i_11 | E56: 21.3 | F56: 4.6478081 | G56: 5.0671423 | H56: 7.0065684 | I56: 32.894687 | J56: 76.671922 | K56: 30.304364 | L56: -2.5903229 | M56: =IF(L56<0,0,L56) -> 0 | N56: 0 | O56: PRODUCING | P56: 146.4 | R56: 63.555556 | S56: 19 | T56: 276 | U56: 432.32 | V56: 0.28 | W56: 883.2 | X56: 5 | Y56: NONE | Z56: 0 | AA56: fairlymanaged | AB56: 0 | AC56: 1558 | AD56: 1551 | AE56: 0.34 | AF56: 1.11 | AG56: 4.97 | AH56: 194
A57: updated | B57: Tukau | C57: 1ab-e6/f4.8_block 1ab | D57: 1ab-e6/f4.8_block 1ab | E57: 10.028 | F57: 5.8591117 | G57: 5.9783734 | H57: 6.1364129 | I57: 61.192789 | J57: 72.926943 | K57: 33.574141 | L57: -27.618648 | M57: =IF(L57<0,0,L57) -> 0 | N57: 0 | O57: PRODUCING | P57: 147 | R57: 63.888889 | S57: 25.5 | T57: 20 | U57: 55 | V57: 0.27 | W57: 865 | X57: 7 | Y57: NONE | Z57: 0 | AA57: wellmanaged
A58: updated | B58: Tukau | C58: 1-f6/g6_block 1 | D58: 1-f6/g6_block 1 | E58: 29.944 | F58: 12.879573 | G58: 13.173563 | H58: 14.636844 | I58: 48.880724 | J58: 0 | K58: 0 | L58: -48.880724 | M58: =IF(L58<0,0,L58) -> 0 | N58: 0 | O58: PRODUCING | P58: 147 | R58: 63.888889 | S58: 21.5 | T58: 85 | U58: 75 | V58: 0.23 | W58: 300 | X58: 16 | Y58: NONE | Z58: 0 | AA58: wellmanaged
A59: updated | B59: Tukau | C59: 2-f8/g5.5_block 2 | D59: 2-f8/g5.5_block 2 | E59: 24.608 | F59: 10.128166 | G59: 10.282928 | H59: 10.488011 | I59: 42.62033 | J59: 79.845411 | K59: 29.250667 | L59: -13.369663 | M59: =IF(L59<0,0,L59) -> 0 | N59: 0 | O59: PRODUCING | P59: 147 | R59: 63.888889 | S59: 27.5 | T59: 59 | U59: 210 | V59: 0.25 | W59: 1300 | X59: 5 | Y59: NONE | Z59: 0 | AA59: wellmanaged
A60: No Np | B60: Temana | C60: h21/h22_11 | D60: h21/h22_11 | E60: 8.6224594 | F60: 0 | G60: 0 | H60: 0 | I60: 0 | J60: 85.376408 | K60: 21.358391 | L60: 21.358391 | M60: =IF(L60<0,0,L60) -> 21.358391 | N60: 1.8416186 | O60: NONPRODUCING | P60: 147 | R60: 63.888889 | S60: 20 | T60: 19.19 | U60: 243 | V60: 0.24 | W60: 389 | X60: 0 | Y60: NONE | Z60: 0 | AA60: wellmanaged
A61: done | B61: Temana | C61: h25/h30_12 | D61: h25/h30_12 | E61: 7.6170743 | F61: 0 | G61: 0 | H61: 0 | I61: 0 | J61: 66.258326 | K61: 32.461817 | L61: 32.461817 | M61: =IF(L61<0,0,L61) -> 32.461817 | N61: 2.4726407 | O61: NONPRODUCING | P61: 147 | R61: 63.888889 | S61: 20 | T61: 17.1 | U61: 134 | V61: 0.27 | W61: 1289 | X61: 0 | Y61: NONE | Z61: 0 | AA61: wellmanaged
A62: done | B62: Baram | C62: 1a-k_1a | D62: BARAM_1a-k_1a | E62: 0.57 | F62: 0 | G62: 0 | H62: 0 | I62: 0 | J62: 0 | K62: 0 | L62: 0 | M62: =IF(L62<0,0,L62) -> 0 | N62: 0 | O62: NONPRODUCING | P62: 148 | R62: 64.444444 | S62: 19 | T62: 56.4 | U62: 56.4 | V62: 0.31 | W62: 1008 | X62: 0 | Y62: NONE | Z62: 0 | AA62: poorlymanaged
A63: updated | B63: Tukau | C63: 1ab-f6/g5.5_block 1ab | D63: 1ab-f6/g5.5_block 1ab | E63: 23.346 | F63: 15.892561 | G63: 16.498017 | H63: 17.330374 | I63: 74.232732 | J63: 72.457473 | K63: 33.417906 | L63: -40.814826 | M63: =IF(L63<0,0,L63) -> 0 | N63: 0 | O63: PRODUCING | P63: 148 | R63: 64.444444 | S63: 26 | T63: 39 | U63: 106 | V63: 0.26 | W63: 617 | X63: 9 | Y63: NONE | Z63: 0 | AA63: wellmanaged
A64: updated | B64: Tukau | C64: 2-i1/i6_block 2 | D64: 2-i1/i6_block 2 | E64: 8.921 | F64: 4.4923728 | G64: 4.5602564 | H64: 4.6502122 | I64: 52.12658 | J64: 71.811704 | K64: 34.402858 | L64: -17.723722 | M64: =IF(L64<0,0,L64) -> 0 | N64: 0 | O64: PRODUCING | P64: 148 | R64: 64.444444 | S64: 29.2 | T64: 36 | U64: 139 | V64: 0.21 | W64: 130 | X64: 4 | Y64: NONE | Z64: 0 | AA64: wellmanaged
A65: Not updated. Little info in ARPR. Only H110-H150 | B65: Jangas | C65: h130 | D65: h130 | E65: 60.47 | F65: 0 | G65: 0 | H65: 0 | I65: 0 | J65: 46.224129 | K65: 42.636375 | L65: 42.636375 | M65: =IF(L65<0,0,L65) -> 42.636375 | N65: 25.782216 | O65: NONPRODUCING | P65: 148 | R65: 64.444444 | S65: 30 | T65: 241.79791 | U65: 33.792652 | V65: 0.26 | W65: 730 | X65: 10 | Y65: GAS | Z65: 3 | AA65: poorlymanaged
A66: done | B66: Temana | C66: h_11 - h45 | D66: TEMANA_h_11 - h45 | E66: 3.1610257 | F66: 0.0002157 | G66: 0.0002157 | H66: 0.0002157 | I66: 0.0068237345 | J66: 78.815259 | K66: 28.58494 | L66: 28.578117 | M66: =IF(L66<0,0,L66) -> 28.578117 | N66: 0.90336161 | O66: PRODUCING | P66: 148 | R66: 64.444444 | S66: 19.3 | T66: 29 | U66: 242.794 | V66: 0.3 | W66: 1182 | X66: 0 | Y66: NONE | Z66: 0 | AA66: fairlymanaged
A67: done | B67: Temana | C67: h21/h22_10 | D67: h21/h22_10 | E67: 4.1116871 | F67: 0 | G67: 0 | H67: 0 | I67: 0 | J67: 85.821314 | K67: 19.800306 | L67: 19.800306 | M67: =IF(L67<0,0,L67) -> 19.800306 | N67: 0.81412662 | O67: NONPRODUCING | P67: 148 | R67: 64.444444 | S67: 20 | T67: 30.9 | U67: 92 | V67: 0.275 | W67: 1058 | X67: 0 | Y67: NONE | Z67: 0 | AA67: wellmanaged
A68: done | B68: Baram | C68: 11-k_11 | D68: BARAM_11-k_11 | E68: 7.31 | F68: 0 | G68: 0 | H68: 0.4095511 | I68: 5.6026142 | J68: 72.503366 | K68: 32.986023 | L68: 27.383409 | M68: =IF(L68<0,0,L68) -> 27.383409 | N68: 2.0017272 | O68: NONPRODUCING | P68: 148.1 | R68: 64.5 | S68: 28.2 | T68: 250 | U68: 147.5 | V68: 0.34 | W68: 1232 | X68: 1 | Y68: NONE | Z68: 0 | AA68: fairlymanaged
A69: done | B69: Baram | C69: 2-k_2 | D69: BARAM_2-k_2 | E69: 1.07 | F69: 0.0002464 | G69: 0.1690773 | H69: 0.1690773 | I69: 15.801617 | J69: 77.329974 | K69: 30.35819 | L69: 14.556573 | M69: =IF(L69<0,0,L69) -> 14.556573 | N69: 0.15575533 | O69: PRODUCING | P69: 148.1 | R69: 64.5 | S69: 19 | T69: 506 | U69: 206 | V69: 0.31 | W69: 615.2 | X69: 0 | Y69: NONE | Z69: 0 | AA69: poorlymanaged
A70: OK | B70: Sumandak Tepi | C70: mid u9.2 | D70: SMDK T_mid u9.2 | E70: 9.13 | F70: 2.0248894 | G70: 2.5892089 | H70: 2.9483419 | I70: 32.292902 | J70: 47.425488 | K70: 46.958632 | L70: 14.66573 | M70: =IF(L70<0,0,L70) -> 14.66573 | N70: 1.3389812 | O70: PRODUCING | P70: 149 | Q70: 3 | R70: 65 | S70: 20.7 | T70: 150 | U70: 92 | V70: 0.25 | W70: 200 | X70: 3 | Y70: WAT | Z70: 2 | AA70: wellmanaged
A71: done | B71: Temana | C71: h25_10 | D71: h25_10 | E71: 5.7078813 | F71: 0 | G71: 0 | H71: 2.362 | I71: 41.381379 | J71: 77.56599 | K71: 27.439064 | L71: -13.942314 | M71: =IF(L71<0,0,L71) -> 0 | N71: 0 | O71: NONPRODUCING | P71: 149 | R71: 65 | S71: 19 | T71: 47.38 | U71: 92 | V71: 0.33 | W71: 899.23 | X71: 0 | Y71: NONE | Z71: 0 | AA71: wellmanaged
A72: Check Np | B72: Baram | C72: 12e-l_12e | D72: BARAM_12e-l_12e | E72: 31.34704 | F72: 57.071611 | G72: 62.295515 | H72: 66.969742 | I72: 213.63976 | J72: 67.796386 | K72: 35.235937 | L72: -178.40382 | M72: =IF(L72<0,0,L72) -> 0 | N72: 0 | O72: PRODUCING | P72: 150 | R72: 65.555556 | S72: 26.7 | T72: 260.3 | U72: 361 | V72: 0.27 | W72: 260.5 | X72: 11 | Y72: NONE | Z72: 0 | AA72: fairlymanaged
A73: updated | B73: Tukau | C73: 1ab-h1/h6_block 1ab | D73: 1ab-h1/h6_block 1ab | E73: 10.301 | F73: 6.7228863 | G73: 7.2471605 | H73: 7.9577498 | I73: 77.252207 | J73: 68.202745 | K73: 35.505065 | L73: -41.747141 | M73: =IF(L73<0,0,L73) -> 0 | N73: 0 | O73: PRODUCING | P73: 150 | R73: 65.555556 | S73: 27.5 | T73: 48 | U73: 75 | V73: 0.22 | W73: 393 | X73: 7 | Y73: NONE | Z73: 0 | AA73: wellmanaged
A74: done | B74: Baram | C74: 31w-l_31w | D74: BARAM_31w-l_31w | E74: 28.989699 | F74: 10.201289 | G74: 11.121668 | H74: 18.351053 | I74: 63.301981 | J74: 67.871543 | K74: 35.113219 | L74: -28.188762 | M74: =IF(L74<0,0,L74) -> 0 | N74: 0 | O74: PRODUCING | P74: 150 | R74: 65.555556 | S74: 26.7 | T74: 127.4 | U74: 277 | V74: 0.27 | W74: 203.7 | X74: 8 | Y74: NONE | Z74: 0 | AA74: fairlymanaged
A75: in place updated | B75: West Lutong | C75: c1_1 | D75: WLUTONG_c1_1 | E75: 34.380026 | F75: 3.601039 | G75: 4.644914 | H75: 8.9418398 | I75: 26.008822 | J75: 46.973037 | K75: 43.228942 | L75: 17.22012 | M75: =IF(L75<0,0,L75) -> 17.22012 | N75: 5.9202818 | O75: PRODUCING | P75: 150 | R75: 65.555556 | S75: 23 | T75: 70 | U75: 150 | V75: 0.2 | W75: 100 | X75: 14 | Y75: NONE | Z75: 0 | AA75: wellmanaged
A76: done | B76: Temana | C76: h_6/7-h30 | D76: h_6/7-h30 | E76: 17.461561 | F76: 7.3872252 | G76: 7.4090277 | H76: 7.4090277 | I76: 42.430501 | J76: 60.714315 | K76: 40.787029 | L76: -1.643472 | M76: =IF(L76<0,0,L76) -> 0 | N76: 0 | O76: PRODUCING | P76: 150.0461 | R76: 65.581167 | S76: 20 | T76: 12 | U76: 92 | V76: 0.213002 | W76: 533.9845 | X76: 2 | Y76: NONE | Z76: 0 | AA76: wellmanaged
A77: updated | B77: Tukau | C77: 2-i7/i9_block 2 | D77: 2-i7/i9_block 2 | E77: 9.076 | F77: 3.0902422 | G77: 3.0902422 | H77: 3.0902422 | I77: 34.048504 | J77: 67.930745 | K77: 32.344713 | L77: -1.7037904 | M77: =IF(L77<0,0,L77) -> 0 | N77: 0 | O77: PRODUCING | P77: 151 | R77: 66.111111 | S77: 30.1 | T77: 42 | U77: 142 | V77: 0.18 | W77: 67 | X77: 4 | Y77: NONE | Z77: 0 | AA77: wellmanaged
A78: done | B78: Bokor | C78: j1.0 - j8.5_1 | D78: BOKOR_j1.0 - j8.5_1 | E78: 40.676367 | F78: 10.599742 | G78: 11.283827 | H78: 13.65373 | I78: 33.56674 | J78: 50.067377 | K78: 39.807707 | L78: 6.2409667 | M78: =IF(L78<0,0,L78) -> 6.2409667 | N78: 2.5385985 | O78: PRODUCING | P78: 151 | R78: 66.111111 | S78: 28 | T78: 84 | U78: 19 | V78: 0.24 | W78: 35 | X78: 14 | Y78: NONE | Z78: 0 | AA78: wellmanaged
A79: Not updated. Little info in ARPR. Only H110-H150 | B79: Jangas | C79: h136 | D79: h136 | E79: 10.06 | F79: 0 | G79: 0 | H79: 0 | I79: 0 | J79: 50.963983 | K79: 38.622133 | L79: 38.622133 | M79: =IF(L79<0,0,L79) -> 38.622133 | N79: 3.8853865 | O79: NONPRODUCING | P79: 151 | R79: 66.111111 | S79: 30 | T79: 58.727036 | U79: 6.889764 | V79: 0.23 | W79: 150 | X79: 10 | Y79: GAS | Z79: 3 | AA79: poorlymanaged
A80: Not updated. Little info in ARPR. Only H110-H150 | B80: Jangas | C80: h136a | D80: h136a | E80: 23.8 | F80: 0 | G80: 0 | H80: 0 | I80: 0 | J80: 49.703105 | K80: 39.852427 | L80: 39.852427 | M80: =IF(L80<0,0,L80) -> 39.852427 | N80: 9.4848776 | O80: NONPRODUCING | P80: 151 | R80: 66.111111 | S80: 30 | T80: 187.66405 | U80: 12.467192 | V80: 0.22 | W80: 100 | X80: 10 | Y80: GAS | Z80: 3 | AA80: poorlymanaged
A81: done | B81: Temana | C81: h25/h30/h45_11 | D81: TEMANA_h25/h30/h45_11 | E81: 21.941703 | F81: 0.0002157 | G81: 0.0002157 | H81: 3.8092157 | I81: 17.36062 | J81: 71.608492 | K81: 30.531545 | L81: 13.170925 | M81: =IF(L81<0,0,L81) -> 13.170925 | N81: 2.8899252 | O81: PRODUCING | P81: 151 | R81: 66.111111 | S81: 18 | T81: 73.97 | U81: 167 | V81: 0.3 | W81: 5300 | X81: 0 | Y81: NONE | Z81: 0 | AA81: wellmanaged
A82: done | B82: Temana | C82: h65_9 | D82: h65_9 | E82: 3.031825 | F82: 0 | G82: 0 | H82: 1.463 | I82: 48.254764 | J82: 65.605756 | K82: 32.836422 | L82: -15.418342 | M82: =IF(L82<0,0,L82) -> 0 | N82: 0 | O82: NONPRODUCING | P82: 151 | R82: 66.111111 | S82: 21 | T82: 41.33 | U82: 236 | V82: 0.36 | W82: 3000 | X82: 0 | Y82: NONE | Z82: 0 | AA82: wellmanaged
... A88: done | B88: Fairley Baram | C88: l1.0_50s | D88: l1.0_50s | E88: 7.3098295 | F88: 2.9711934 | G88: 3.0984657 | H88: 3.0984657 | I88: 42.38766 | J88: 51.261624 | K88: 44.654791 | L88: 2.2671308 | M88: =IF(L88<0,0,L88) -> 2.2671308 | N88: 0.16572339 | O88: PRODUCING | P88: 152.4 | R88: 66.888889 | S88: 40.1 | T88: 56 | U88: 157 | V88: 0.29 | W88: 6600 | X88: 2 | Y88: NONE | Z88: 0 | AA88: poorlymanaged
A89: done | B89: Baram | C89: 10w-k/l_10 | D89: BARAM_10w-k/l_10 | E89: 11.69 | F89: 1.0798972 | G89: 1.513477 | H89: 1.8175732 | I89: 15.548103 | J89: 63.651868 | K89: 37.110677 | L89: 21.562574 | M89: =IF(L89<0,0,L89) -> 21.562574 | N89: 2.5206649 | O89: PRODUCING | P89: 153 | R89: 67.222222 | S89: 25 | T89: 398 | U89: 398 | V89: 0.24 | W89: 1394 | X89: 1 | Y89: NONE | Z89: 0 | AA89: fairlymanaged | AB89: 0 | AC89: 1598 | AD89: 1296 | AE89: 0.5 | AF89: 1.094 | AG89: 2.55 | AH89: 182
A90: Not updated. Little info in ARPR. Only H110-H150 | B90: Jangas | C90: h136b | D90: h136b | E90: 5.57 | F90: 0 | G90: 0 | H90: 0 | I90: 0 | J90: 47.42928 | K90: 40.093419 | L90: 40.093419 | M90: =IF(L90<0,0,L90) -> 40.093419 | N90: 2.2332034 | O90: NONPRODUCING | P90: 154 | R90: 67.777778 | S90: 30 | T90: 68.241472 | U90: 2.952756 | V90: 0.19 | W90: 15 | X90: 10 | Y90: GAS | Z90: 3 | AA90: poorlymanaged
A91: Not updated. Little info in ARPR. Only H110-H150 | B91: Jangas | C91: h140 | D91: h140 | E91: 16.4 | F91: 0 | G91: 0 | H91: 0 | I91: 0 | J91: 54.352245 | K91: 38.149448 | L91: 38.149448 | M91: =IF(L91<0,0,L91) -> 38.149448 | N91: 6.2565095 | O91: NONPRODUCING | P91: 154 | R91: 67.777778 | S91: 30 | T91: 157.15224 | U91: 5.905512 | V91: 0.2 | W91: 60 | X91: 10 | Y91: GAS | Z91: 3 | AA91: poorlymanaged
A92: updated | B92: Tukau | C92: 1-h4/h9_block 1 | D92: 1-h4/h9_block 1 | E92: 57.911 | F92: 23.192359 | G92: 23.827502 | H92: 25.005045 | I92: 43.178404 | J92: 0 | K92: 0 | L92: -43.178404 | M92: =IF(L92<0,0,L92) -> 0 | N92: 0 | O92: PRODUCING | P92: 155 | R92: 68.333333 | S92: 24.6 | T92: 60 | U92: 130 | V92: 0.16 | W92: 367 | X92: 21 | Y92: NONE | Z92: 0 | AA92: wellmanaged
A93: updated | B93: Tukau | C93: 2-j2/j9_block 2 | D93: 2-j2/j9_block 2 | E93: 20.066801 | F93: 8.6819313 | G93: 8.7840907 | H93: 8.9194671 | I93: 44.448874 | J93: 63.349957 | K93: 37.702008 | L93: -6.7468658 | M93: =IF(L93<0,0,L93) -> 0 | N93: 0 | O93: PRODUCING | P93: 155 | R93: 68.333333 | S93: 31 | T93: 58 | U93: 190 | V93: 0.15 | W93: 133 | X93: 6 | Y93: NONE | Z93: 0 | AA93: wellmanaged
A94: done | B94: Sumandak Selatan | C94: u9.0 | D94: SMDK S_u9.0 | E94: 17.0497 | F94: 3.640394 | G94: 3.8492445 | H94: 3.8492445 | I94: 22.576611 | J94: 57.84294 | K94: 41.898699 | L94: 19.322088 | M94: =IF(L94<0,0,L94) -> 19.322088 | N94: 3.294358 | O94: PRODUCING | P94: 155 | Q94: 2 | R94: 68.333333 | S94: 24 | T94: 153.71485 | U94: 124.678 | V94: 0.28 | W94: 47 | X94: 6 | Y94: WAT | Z94: 1 | AA94: wellmanaged
A95: done | B95: Sumandak Selatan | C95: u9.1 | D95: SMDK S_u9.1 | E95: 4.7934 | F95: 3.087525 | G95: 3.087525 | H95: 3.087525 | I95: 64.412004 | J95: 58.557922 | K95: 41.886792 | L95: -22.525212 | M95: =IF(L95<0,0,L95) -> 0 | N95: 0 | O95: PRODUCING | P95: 155 | Q95: 1 | R95: 68.333333 | S95: 24 | T95: 93.24602 | U95: 124.678 | V95: 0.28 | W95: 18 | X95: 3 | Y95: WAT | Z95: 2 | AA95: wellmanaged
A96: done | B96: Sumandak Selatan | C96: u9.2 | D96: SMDK S_u9.2 | E96: 38.3059 | F96: 10.509362 | G96: 10.998981 | H96: 10.998981 | I96: 28.713543 | J96: 57.455946 | K96: 43.232233 | L96: 14.518691 | M96: =IF(L96<0,0,L96) -> 14.518691 | N96: 5.5615152 | O96: PRODUCING | P96: 155 | Q96: 1 | R96: 68.333333 | S96: 24 | T96: 145.0202 | U96: 124.678 | V96: 0.27 | W96: 93 | X96: 12 | Y96: WAT | Z96: 2 | AA96: fairlymanaged
A97: done | B97: Temana | C97: i17_8 | D97: i17_8 | E97: 2.5400002 | F97: 1.1114355 | G97: 1.1214168 | H97: 1.1214168 | I97: 44.150264 | J97: 67.742094 | K97: 34.837345 | L97: -9.3129188 | M97: =IF(L97<0,0,L97) -> 0 | N97: 0 | O97: PRODUCING | P97: 155 | R97: 68.333333 | S97: 41 | T97: 39.87 | U97: 216.546 | V97: 0.24 | W97: 172.85 | X97: 1 | Y97: NONE | Z97: 0 | AA97: fairlymanaged
A98: done | B98: Bokor | C98: k1.0 - k4.0_1 | D98: k1.0 - k4.0_1 | E98: 11.570208 | F98: 5.3107074 | G98: 5.7359233 | H98: 5.7402402 | I98: 49.612247 | J98: 55.936537 | K98: 38.561602 | L98: -11.050645 | M98: =IF(L98<0,0,L98) -> 0 | N98: 0 | O98: PRODUCING | P98: 156 | R98: 68.888889 | S98: 32 | T98: 46 | U98: 20 | V98: 0.24 | W98: 40 | X98: 6 | Y98: NONE | Z98: 0 | AA98: wellmanaged
A99: Not updated. Little info in ARPR. Only H110-H150 | B99: Jangas | C99: h145 | D99: h145 | E99: 0.02 | F99: 0 | G99: 0 | H99: 0 | I99: 0 | J99: 51.458094 | K99: 38.69147 | L99: 38.69147 | M99: =IF(L99<0,0,L99) -> 38.69147 | N99: 0.007738294 | O99: NONPRODUCING | P99: 156 | R99: 68.888889 | S99: 30 | T99: 131.2336 | U99: 10.498688 | V99: 0.19 | W99: 20 | X99: 10 | Y99: GAS | Z99: 3 | AA99: poorlymanaged
A100: done | B100: Temana | C100: i10_10 | D100: i10_10 | E100: 2.9123076 | F100: 0 | G100: 0 | H100: 0 | I100: 0 | J100: 82.721316 | K100: 22.003885 | L100: 22.003885 | M100: =IF(L100<0,0,L100) -> 22.003885 | N100: 0.6408208 | O100: NONPRODUCING | P100: 156 | R100: 68.888889 | S100: 41 | T100: 68.59 | U100: 46 | V100: 0.29 | W100: 10 | X100: 0 | Y100: NONE | Z100: 0 | AA100: wellmanaged
A101: there is no g6.1 reservoir. Retain | B101: Siwa | C101: g6.1_1 | D101: g6.1_1 | E101: 3.021574 | F101: 0.443 | G101: 0.443 | H101: 0.443 | I101: 14.661233 | J101: 80.925526 | K101: 26.910667 | L101: 12.249434 | M101: =IF(L101<0,0,L101) -> 12.249434 | N101: 0.37012572 | O101: PRODUCING | P101: 156.25 | R101: 69.027778 | S101: 20 | T101: 20 | U101: 51 | V101: 0.2 | W101: 300 | X101: 2 | Y101: NONE | Z101: 0 | AA101: poorlymanaged
A102: done | B102: Temana | C102: i16_8 | D102: TEMANA_i16_8 | E102: 3.0000003 | F102: 0.4119899 | G102: 0.4158715 | H102: 0.4158715 | I102: 13.862382 | J102: 69.563933 | K102: 34.264062 | L102: 20.40168 | M102: =IF(L102<0,0,L102) -> 20.40168 | N102: 0.61205045 | O102: PRODUCING | P102: 156.86426 | R102: 69.369035 | S102: 40 | T102: 48.44 | U102: 275.604 | V102: 0.27 | W102: 187.8 | X102: 1 | Y102: NONE | Z102: 0 | AA102: fairlymanaged
A103: in place updated | B103: West Lutong | C103: e3_1 | D103: WLUTONG_e3_1 | E103: 16.320012 | F103: 0.3095015 | G103: 0.3095015 | H103: 3.9620281 | I103: 24.277114 | J103: 42.890851 | K103: 39.395972 | L103: 15.118857 | M103: =IF(L103<0,0,L103) -> 15.118857 | N103: 2.4673994 | O103: PRODUCING | P103: 157 | R103: 69.444444 | S103: 29 | T103: 20 | U103: 62 | V103: 0.2 | W103: 100 | X103: 6 | Y103: NONE | Z103: 0 | AA103: wellmanaged
A104: done | B104: Temana | C104: h60/65_10 | D104: h60/65_10 | E104: 6.1792222 | F104: 0 | G104: 0 | H104: 0 | I104: 0 | J104: 71.885766 | K104: 30.940052 | L104: 30.940052 | M104: =IF(L104<0,0,L104) -> 30.940052 | N104: 1.9118546 | O104: NONPRODUCING | P104: 158 | R104: 70 | S104: 32 | T104: 31.82 | U104: 102 | V104: 0.3 | W104: 3000 | X104: 0 | Y104: NONE | Z104: 0 | AA104: wellmanaged
A105: done | B105: Temana | C105: i16_6/23 | D105: i16_6/23 | E105: 10.150001 | F105: 3.3714759 | G105: 3.4917911 | H105: 3.4917911 | I105: 34.401879 | J105: 72.457446 | K105: 30.645656 | L105: -3.7562238 | M105: =IF(L105<0,0,L105) -> 0 | N105: 0 | O105: PRODUCING | P105: 158 | R105: 70 | S105: 41 | T105: 36 | U105: 577 | V105: 0.23 | W105: 71 | X105: 1 | Y105: NONE | Z105: 0 | AA105: fairlymanaged
A106: Block 1a & 1b | B106: Alab Block 1 | C106: j3 | D106: j3 | E106: 3.62 | F106: 0.68135285 | G106: 0.68135285 | H106: 0.68135285 | I106: 18.821902 | J106: 56.612853 | K106: 42.779693 | L106: 23.957791 | M106: =IF(L106<0,0,L106) -> 23.957791 | N106: 0.86727204 | O106: PRODUCING | P106: 159 | R106: 70.555556 | S106: 28 | T106: 65 | U106: 55.2 | V106: 0.25 | W106: 1000 | X106: 1 | Y106: NONE | Z106: 0 | AA106: wellmanaged | AB106: 0 | AC106: 1923 | AD106: 1730 | AE106: 0.71 | AF106: 0.88 | AG106: 1.05 | AH106: 315
A107: done | B107: Temana | C107: h21_5 - h21 | D107: h21_5 - h21 | E107: 3.5746345 | F107: 1.3438995 | G107: 1.4045198 | H107: 1.4045198 | I107: 39.291284 | J107: 75.794209 | K107: 30.013328 | L107: -9.2779561 | M107: =IF(L107<0,0,L107) -> 0 | N107: 0 | O107: PRODUCING | P107: 159 | R107: 70.555556 | S107: 20 | T107: 42.898 | U107: 183.736 | V107: 0.28 | W107: 3783 | X107: 0 | Y107: NONE | Z107: 0 | AA107: fairlymanaged
A108: done | B108: Temana | C108: i20/21/22_13 | D108: i20/21/22_13 | E108: 6.2248981 | F108: 0 | G108: 0 | H108: 0 | I108: 0 | J108: 87.120999 | K108: 19.262802 | L108: 19.262802 | M108: =IF(L108<0,0,L108) -> 19.262802 | N108: 1.1990898 | O108: NONPRODUCING | P108: 159 | R108: 70.555556 | S108: 42 | T108: 32.72 | U108: 141 | V108: 0.12 | W108: 6.79 | X108: 0 | Y108: NONE | Z108: 0 | AA108: wellmanaged
A109: done | B109: Temana | C109: i20/i21/i22_8 | D109: i20/i21/i22_8 | E109: 2.5600002 | F109: 0 | G109: 0 | H109: 0 | I109: 0 | J109: 85.160943 | K109: 23.186395 | L109: 23.186395 | M109: =IF(L109<0,0,L109) -> 23.186395 | N109: 0.59357178 | O109: NONPRODUCING | P109: 159 | R109: 70.555556 | S109: 42 | T109: 35.36 | U109: 295 | V109: 0.22 | W109: 123 | X109: 0 | Y109: NONE | Z109: 0 | AA109: wellmanaged
A110: Not updated | B110: Kental | C110: kamunsu h | D110: kamunsu h | E110: 3.3 | F110: 0 | G110: 0 | H110: 0 | I110: 0 | J110: 51.497875 | K110: 38.482687 | L110: 38.482687 | M110: =IF(L110<0,0,L110) -> 38.482687 | N110: 1.2699287 | O110: NONPRODUCING | P110: 159.75 | R110: 70.972222 | S110: 31.6 | T110: 62.24057 | U110: 8.392798 | V110: 0.185 | W110: 23.465 | X110: 3 | Y110: NONE | Z110: 0 | AA110: poorlymanaged
A111: Not updated | B111: Kental | C111: kinarut a | D111: kinarut a | E111: 4.31 | F111: 0 | G111: 0 | H111: 0 | I111: 0 | J111: 0 | K111: 0 | L111: 0 | M111: =IF(L111<0,0,L111) -> 0 | N111: 0 | O111: NONPRODUCING | P111: 159.75 | R111: 70.972222 | S111: 31.6 | T111: 82.45153 | U111: 3.635348 | V111: 0.2 | W111: 5.788 | X111: 3 | Y111: NONE | Z111: 0 | AA111: poorlymanaged
...

Sheet v2
