Workbook

Sheet InputData
A1: EOR Screening Tool - Input Data
A3: Parameter | B3: Value | C3: Unit / Notes | H3: Input | I3: Guidance | J3: Value
A4: Depth | B4: 4265 | C4: ft; True vertical depth of reservoir | H4: Reservoir Type | I4: Dropdown: Sandstone / Carbonate / Other | J4: Sandstone
A5: Reservoir Pressure | B5: 2083 | C5: psia | H5: Oil Gravity (°API) | I5: Numeric | J5: 39.4
A6: Temperature | B6: 103 | C6: °C | H6: Oil Viscosity (cp) | I6: Numeric | J6: 0.92
A7: Oil Viscosity | B7: 0.92 | C7: cP | H7: Reservoir Depth (ft) | I7: Numeric | J7: 4265
A8: API Gravity | B8: 39.4 | C8: °API | H8: Reservoir Temperature (°F) | I8: Numeric | J8: 200
A9: Permeability | B9: 116 | C9: mD | H9: Net Pay (ft) | I9: Numeric | J9: 82
A10: Porosity | B10: 0.18 | C10: fraction; e.g. 0.25 | H10: Average Permeability (md) | I10: Numeric | J10: 116
A11: Salinity (TDS) | B11: 4569 | C11: ppm | H11: Initial Oil Saturation (%PV) | I11: Numeric | J11: 55
A12: Hardness (Ca²⁺+Mg²⁺) | B12: 50 | C12: ppm | H12: Porosity (%) | I12: Numeric | J12: 18
A13: Rock Type | B13: Sandstone | C13: -; Sandstone / Carbonate | H13: Reservoir Pressure (psia) | I13: Numeric | J13: 2083
A14: Net Pay | B14: 82 | C14: m | H14: Reservoir Dip (Yes=1/No=0) | I14: Numeric 0/1 | J14: 1
A15: Heterogeneity | B15: Moderate | C15: -; Low / Moderate / High | H15: Brine Chloride (ppm) | I15: Numeric | J15: 4569
A16: Gas Availability | B16: Yes | C16: -; Yes / No | H16: Divalent Ions Ca+Mg (ppm) | I16: Numeric | J16: 50
A17: Oxygen Present in Polymer System | B17: Yes | C17: -; Yes / No
A18: OOIP | B18: 111 | C18: MMstb; Original Oil In Place
A19: Base RF (without EOR) | B19: 34.71 | C19: %; Current/expected RF (primary + secondary)
A21: Drive Mechanism | B21: Combination Drive | C21: Select/Type: Solution Gas Drive, Weak Water Drive, Moderate Water Drive, Strong Water Drive, Gas Cap Expansion, Combination Drive, Natural Fracture, Others
A22: Drive Mech Multiplier | B22: =IF($B$21="Solution Gas Drive",1.3,IF($B$21="Weak Water Drive",1.2,IF($B$21="Moderate Water Drive",1,IF($B$21="Strong Water Drive",0.8,IF($B$21="Gas Cap Expansion",1.4,IF($B$21="Combination 'PBI Criteria'!P1Drive",1.1,IF($B$21="Natural Fracture",0.9,1))))))) -> 1 | C22: Multiplier applied to ΔRF based on drive mechanism

Sheet Screening
A1: EOR Type | B1: Critical Fail? | C1: Cause of Fail/Pass | D1: Score (%) | E1: Status | F1: Suitability | G1: ΔRF_EOR (%) | H1: Final RF (%) | I1: EUR (MMstb)
A2: Miscible Gas | B2: =LEN(TRIM(C2))>0 -> FALSE | C2: =IF(InputData!$B$8<28,"API too low, ","") & IF(InputData!$B$7>6,"Viscosity too high, ","") & IF(InputData!$B$4<2500,"Depth too shallow, ","") & IF(NOT(OR(InputData!$B$16="Yes",InputData!$B$16="YES",InputData!$B$16="yes")),"No gas available, ","") | D2: =IF(B2,0,((IF(InputData!$B$8>=28,1,0)+IF(InputData!$B$7<=6,1,0)+IF(InputData!$B$4>=2500,1,0)+IF(OR(InputData!$B$16="Yes",InputData!$B$16="YES",InputData!$B$16="yes"),1,0))/4*100)) -> 100 | E2: =IF(B2,"FAIL (critical)","PASS") -> PASS | F2: =IF(B2,"Not suitable",IF(D2>=80,"Highly suitable",IF(D2>=50,"Potentially suitable","Marginal"))) -> Highly suitable | G2: =IF(E2="FAIL (critical)","",D2/100*15*InputData!$B$22) -> 15 | H2: =IF(G2="","",InputData!$B$19+G2) -> 49.71 | I2: =IF(H2="","",InputData!$B$18*H2/100) -> 55.1781
A3: Immiscible Gas | B3: =LEN(TRIM(C3))>0 -> FALSE | C3: =IF(InputData!$B$8<15,"API too low, ","") & IF(InputData!$B$7>25,"Viscosity too high, ","") | D3: =IF(B3,0,((IF(InputData!$B$8>=15,1,0)+IF(InputData!$B$7<=25,1,0))/2*100)) -> 100 | E3: =IF(B3,"FAIL (critical)","PASS") -> PASS | F3: =IF(B3,"Not suitable",IF(D3>=80,"Highly suitable",IF(D3>=50,"Potentially suitable","Marginal"))) -> Highly suitable | G3: =IF(E3="FAIL (critical)","",D3/100*8*InputData!$B$22) -> 8 | H3: =IF(G3="","",InputData!$B$19+G3) -> 42.71 | I3: =IF(H3="","",InputData!$B$18*H3/100) -> 47.4081
A4: Polymer (HPAM) | B4: =LEN(TRIM(C4))>0 -> TRUE | C4: =IF(InputData!$B$6>70,"Temperature too high, ","") & IF(InputData!$B$11>70000,"Salinity too high, ","") & IF(InputData!$B$12>500,"Hardness too high, ","") & IF(InputData!$B$9<50,"Permeability too low, ","") -> Temperature too high, | D4: =IF(B4,0,((IF(InputData!$B$6<=70,1,0)+IF(InputData!$B$11<=70000,1,0)+IF(InputData!$B$12<=500,1,0)+IF(InputData!$B$9>=50,1,0))/4*100)) -> 0 | E4: =IF(B4,"FAIL (critical)","PASS") -> FAIL (critical) | F4: =IF(B4,"Not suitable",IF(D4>=80,"Highly suitable",IF(D4>=50,"Potentially suitable","Marginal"))) -> Not suitable | G4: =IF(E4="FAIL (critical)","",D4/100*10*InputData!$B$22) | H4: =IF(G4="","",InputData!$B$19+G4) | I4: =IF(H4="","",InputData!$B$18*H4/100)
A5: Polymer (ATBS) | B5: =LEN(TRIM(C5))>0 -> FALSE | C5: =IF(InputData!$B$6>110,"Temperature too high, ","") & IF(InputData!$B$11>250000,"Salinity too high, ","") & IF(InputData!$B$9<50,"Permeability too low, ","") | D5: =IF(B5,0,((IF(InputData!$B$6<=110,1,0)+IF(InputData!$B$11<=250000,1,0)+IF(InputData!$B$9>=50,1,0))/3*100)) -> 100 | E5: =IF(B5,"FAIL (critical)","PASS") -> PASS | F5: =IF(B5,"Not suitable",IF(D5>=80,"Highly suitable",IF(D5>=50,"Potentially suitable","Marginal"))) -> Highly suitable | G5: =IF(E5="FAIL (critical)","",D5/100*12*InputData!$B$22) -> 12 | H5: =IF(G5="","",InputData!$B$19+G5) -> 46.71 | I5: =IF(H5="","",InputData!$B$18*H5/100) -> 51.8481
A6: SP | B6: =LEN(TRIM(C6))>0 -> TRUE | C6: =IF(InputData!$B$8<20,"API too low, ","") & IF(InputData!$B$7>20,"Viscosity too high, ","") & IF(InputData!$B$6>100,"Temperature too high, ","") & IF(InputData!$B$11>50000,"Salinity too high, ","") & IF(InputData!$B$12>200,"Hardness too high, ","") -> Temperature too high, | D6: =IF(B6,0,((IF(InputData!$B$8>=20,1,0)+IF(InputData!$B$7<=20,1,0)+IF(InputData!$B$6<=100,1,0)+IF(InputData!$B$11<=50000,1,0)+IF(InputData!$B$12<=200,1,0))/5*100)) -> 0 | E6: =IF(B6,"FAIL (critical)","PASS") -> FAIL (critical) | F6: =IF(B6,"Not suitable",IF(D6>=80,"Highly suitable",IF(D6>=50,"Potentially suitable","Marginal"))) -> Not suitable | G6: =IF(E6="FAIL (critical)","",D6/100*15*InputData!$B$22) | H6: =IF(G6="","",InputData!$B$19+G6) | I6: =IF(H6="","",InputData!$B$18*H6/100)
A7: ASP | B7: =LEN(TRIM(C7))>0 -> TRUE | C7: =IF(InputData!$B$8<22,"API too low, ","") & IF(InputData!$B$7>30,"Viscosity too high, ","") & IF(InputData!$B$6>90,"Temperature too high, ","") & IF(InputData!$B$11>10000,"Salinity too high, ","") & IF(InputData!$B$12>50,"Hardness too high, ","") & IF(NOT(OR(InputData!$B$13="Sandstone",InputData!$B$13="sandstone")),"Not sandstone, ","") -> Temperature too high, | D7: =IF(B7,0,((IF(InputData!$B$8>=22,1,0)+IF(InputData!$B$7<=30,1,0)+IF(InputData!$B$6<=90,1,0)+IF(InputData!$B$11<=10000,1,0)+IF(InputData!$B$12<=50,1,0)+IF(OR(InputData!$B$13="Sandstone",InputData!$B$13="sandstone"),1,0))/6*100)) -> 0 | E7: =IF(B7,"FAIL (critical)","PASS") -> FAIL (critical) | F7: =IF(B7,"Not suitable",IF(D7>=80,"Highly suitable",IF(D7>=50,"Potentially suitable","Marginal"))) -> Not suitable | G7: =IF(E7="FAIL (critical)","",D7/100*20*InputData!$B$22) | H7: =IF(G7="","",InputData!$B$19+G7) | I7: =IF(H7="","",InputData!$B$18*H7/100)
A8: CSS | B8: =LEN(TRIM(C8))>0 -> TRUE | C8: =IF(InputData!$B$7<100,"Viscosity too low, ","") & IF(InputData!$B$4>3000,"Depth too deep, ","") & IF(InputData!$B$9<500,"Permeability too low, ","") -> Viscosity too low, Depth too deep, Permeability too low, | D8: =IF(B8,0,((IF(InputData!$B$7>=100,1,0)+IF(InputData!$B$4<=3000,1,0)+IF(InputData!$B$9>=500,1,0))/3*100)) -> 0 | E8: =IF(B8,"FAIL (critical)","PASS") -> FAIL (critical) | F8: =IF(B8,"Not suitable",IF(D8>=80,"Highly suitable",IF(D8>=50,"Potentially suitable","Marginal"))) -> Not suitable | G8: =IF(E8="FAIL (critical)","",D8/100*15*InputData!$B$22) | H8: =IF(G8="","",InputData!$B$19+G8) | I8: =IF(H8="","",InputData!$B$18*H8/100)
A9: Steam Flood | B9: =LEN(TRIM(C9))>0 -> TRUE | C9: =IF(InputData!$B$7<100,"Viscosity too low, ","") & IF(InputData!$B$4>3000,"Depth too deep, ","") & IF(InputData!$B$9<1000,"Permeability too low, ","") -> Viscosity too low, Depth too deep, Permeability too low, | D9: =IF(B9,0,((IF(InputData!$B$7>=100,1,0)+IF(InputData!$B$4<=3000,1,0)+IF(InputData!$B$9>=1000,1,0))/3*100)) -> 0 | E9: =IF(B9,"FAIL (critical)","PASS") -> FAIL (critical) | F9: =IF(B9,"Not suitable",IF(D9>=80,"Highly suitable",IF(D9>=50,"Potentially suitable","Marginal"))) -> Not suitable | G9: =IF(E9="FAIL (critical)","",D9/100*18*InputData!$B$22) | H9: =IF(G9="","",InputData!$B$19+G9) | I9: =IF(H9="","",InputData!$B$18*H9/100)
A10: ISC | B10: =LEN(TRIM(C10))>0 -> TRUE | C10: =IF(InputData!$B$7<10,"Viscosity too low, ","") & IF(InputData!$B$7>200,"Viscosity too high, ","") & IF(InputData!$B$9<200,"Permeability too low, ","") -> Viscosity too low, Permeability too low, | D10: =IF(B10,0,((IF(AND(InputData!$B$7>=10,InputData!$B$7<=200),1,0)+IF(InputData!$B$9>=200,1,0))/2*100)) -> 0 | E10: =IF(B10,"FAIL (critical)","PASS") -> FAIL (critical) | F10: =IF(B10,"Not suitable",IF(D10>=80,"Highly suitable",IF(D10>=50,"Potentially suitable","Marginal"))) -> Not suitable | G10: =IF(E10="FAIL (critical)","",D10/100*10*InputData!$B$22) | H10: =IF(G10="","",InputData!$B$19+G10) | I10: =IF(H10="","",InputData!$B$18*H10/100)

Sheet Ranking
A1: Rank | B1: EOR Type | C1: Score (%) | D1: Status | E1: Suitability
A2: 1 | B2: =INDEX(Screening!$A$2:$A$10,MATCH(C2,Screening!$D$2:$D$10,0)) -> Miscible Gas | C2: =LARGE(Screening!$D$2:$D$10,A2) -> 100 | D2: =INDEX(Screening!$E$2:$E$10,MATCH(B2,Screening!$A$2:$A$10,0)) -> PASS | E2: =INDEX(Screening!$F$2:$F$10,MATCH(B2,Screening!$A$2:$A$10,0)) -> Highly suitable
A3: 2 | B3: =INDEX(Screening!$A$2:$A$10,MATCH(C3,Screening!$D$2:$D$10,0)) -> Miscible Gas | C3: =LARGE(Screening!$D$2:$D$10,A3) -> 100 | D3: =INDEX(Screening!$E$2:$E$10,MATCH(B3,Screening!$A$2:$A$10,0)) -> PASS | E3: =INDEX(Screening!$F$2:$F$10,MATCH(B3,Screening!$A$2:$A$10,0)) -> Highly suitable
A4: 3 | B4: =INDEX(Screening!$A$2:$A$10,MATCH(C4,Screening!$D$2:$D$10,0)) -> Miscible Gas | C4: =LARGE(Screening!$D$2:$D$10,A4) -> 100 | D4: =INDEX(Screening!$E$2:$E$10,MATCH(B4,Screening!$A$2:$A$10,0)) -> PASS | E4: =INDEX(Screening!$F$2:$F$10,MATCH(B4,Screening!$A$2:$A$10,0)) -> Highly suitable
A5: 4 | B5: =INDEX(Screening!$A$2:$A$10,MATCH(C5,Screening!$D$2:$D$10,0)) -> Polymer (HPAM) | C5: =LARGE(Screening!$D$2:$D$10,A5) -> 0 | D5: =INDEX(Screening!$E$2:$E$10,MATCH(B5,Screening!$A$2:$A$10,0)) -> FAIL (critical) | E5: =INDEX(Screening!$F$2:$F$10,MATCH(B5,Screening!$A$2:$A$10,0)) -> Not suitable
A6: 5 | B6: =INDEX(Screening!$A$2:$A$10,MATCH(C6,Screening!$D$2:$D$10,0)) -> Polymer (HPAM) | C6: =LARGE(Screening!$D$2:$D$10,A6) -> 0 | D6: =INDEX(Screening!$E$2:$E$10,MATCH(B6,Screening!$A$2:$A$10,0)) -> FAIL (critical) | E6: =INDEX(Screening!$F$2:$F$10,MATCH(B6,Screening!$A$2:$A$10,0)) -> Not suitable
A7: 6 | B7: =INDEX(Screening!$A$2:$A$10,MATCH(C7,Screening!$D$2:$D$10,0)) -> Polymer (HPAM) | C7: =LARGE(Screening!$D$2:$D$10,A7) -> 0 | D7: =INDEX(Screening!$E$2:$E$10,MATCH(B7,Screening!$A$2:$A$10,0)) -> FAIL (critical) | E7: =INDEX(Screening!$F$2:$F$10,MATCH(B7,Screening!$A$2:$A$10,0)) -> Not suitable
A8: 7 | B8: =INDEX(Screening!$A$2:$A$10,MATCH(C8,Screening!$D$2:$D$10,0)) -> Polymer (HPAM) | C8: =LARGE(Screening!$D$2:$D$10,A8) -> 0 | D8: =INDEX(Screening!$E$2:$E$10,MATCH(B8,Screening!$A$2:$A$10,0)) -> FAIL (critical) | E8: =INDEX(Screening!$F$2:$F$10,MATCH(B8,Screening!$A$2:$A$10,0)) -> Not suitable
A9: 8 | B9: =INDEX(Screening!$A$2:$A$10,MATCH(C9,Screening!$D$2:$D$10,0)) -> Polymer (HPAM) | C9: =LARGE(Screening!$D$2:$D$10,A9) -> 0 | D9: =INDEX(Screening!$E$2:$E$10,MATCH(B9,Screening!$A$2:$A$10,0)) -> FAIL (critical) | E9: =INDEX(Screening!$F$2:$F$10,MATCH(B9,Screening!$A$2:$A$10,0)) -> Not suitable
A10: 9 | B10: =INDEX(Screening!$A$2:$A$10,MATCH(C10,Screening!$D$2:$D$10,0)) -> Polymer (HPAM) | C10: =LARGE(Screening!$D$2:$D$10,A10) -> 0 | D10: =INDEX(Screening!$E$2:$E$10,MATCH(B10,Screening!$A$2:$A$10,0)) -> FAIL (critical) | E10: =INDEX(Screening!$F$2:$F$10,MATCH(B10,Screening!$A$2:$A$10,0)) -> Not suitable

Sheet Summary
A1: EOR Screening Summary
A3: Top Recommended EOR Method (by score) | B3: =Ranking!B2 -> Miscible Gas
A4: Score (%) | B4: =Ranking!C2 -> 100
A5: Status | B5: =Ranking!D2 -> PASS
A6: Suitability | B6: =Ranking!E2 -> Highly suitable
A8: Main Technical References:
A9: 1) Taber et al., 1997 – EOR Screening Criteria Revisited (SPE-35385 & 35386)
A10: 2) Sheng, J.J., 2011/2013 – Modern Chemical EOR
A11: 3) Sorbie, 1991 – Polymer-Improved Oil Recovery
A12: 4) Seright, 2010–2019 – Polymer EOR performance & injectivity papers
A13: 5) Prats, 1982; Butler, 1991 – Thermal EOR
A14: 6) DOE CO₂ Guidelines (2006–2014) – CO₂ EOR screening
A16: Note:
A17: This tool uses a hybrid approach: any failed critical criteria are listed in 'Cause of Fail/Pass' and trigger FAIL, while non-critical match criteria contribute to the 0–100 score.
A19: Recovery Factor & EUR:
A20: For each EOR method, predicted incremental RF (ΔRF_EOR), final RF and EUR are computed from OOIP and Base RF in InputData, scaled by the screening score and typical incremental RF potential.
A22: Drive Mechanism:
A23: Drive Mechanism (InputData) modifies ΔRF via a multiplier (e.g. Solution Gas Drive 1.3, Strong Water Drive 0.8, Gas Cap 1.4, etc.).

Sheet Criteria
A1: EOR Type | B1: Parameter | C1: Typical Range / Condition | D1: Critical? (Yes/No) | E1: Reference
A2: Miscible Gas | B2: API Gravity | C2: >= 28° API | D2: Yes | E2: Taber et al., 1997
A3: Miscible Gas | B3: Oil Viscosity | C3: <= 6 cP | D3: Yes | E3: Taber et al., 1997
A4: Miscible Gas | B4: Depth | C4: >= 2500 ft | D4: Yes | E4: Taber et al., 1997
A5: Miscible Gas | B5: Gas Availability | C5: Must be available | D5: Yes | E5: DOE CO₂ Guidelines
A6: Immiscible Gas | B6: API Gravity | C6: >= 15° API | D6: Yes | E6: Taber et al., 1997
A7: Immiscible Gas | B7: Oil Viscosity | C7: <= 25 cP | D7: Yes | E7: Taber et al., 1997
A8: Polymer (HPAM) | B8: Temperature | C8: <= 70°C | D8: Yes | E8: Sheng, 2013
A9: Polymer (HPAM) | B9: Salinity (TDS) | C9: <= 70,000 ppm | D9: Yes | E9: Sheng, 2011
A10: Polymer (HPAM) | B10: Hardness | C10: <= 500 ppm | D10: Yes | E10: Sorbie, 1991
A11: Polymer (HPAM) | B11: Permeability | C11: >= 50 mD | D11: Yes | E11: Taber et al., 1997
A12: Polymer (ATBS) | B12: Temperature | C12: <= 110°C | D12: Yes | E12: Seright, 2019
... A33: ISC | B33: Permeability | C33: >= 200 mD | D33: Yes | E33: Taber et al., 1997

Sheet PBI Criteria
A1: EOR_Method | B1: API_Min | C1: API_Max | D1: Visc_Min | E1: Visc_Max | F1: Depth_Min | G1: Depth_Max | H1: Temp_Max_C | I1: Perm_Min | J1: Salinity_TDS_Max | K1: Hardness_Max | L1: Rock_Type_Sandstone | M1: Gas_Available | N1: Output | O1: Reference | P1: Notes
A2: Miscible Gas | B2: 28 | C2: 999 | D2: 0 | E2: 6 | F2: 2500 | G2: 99999 | L2: 0 | M2: 1 | O2: Taber et al., 1997 | P2: Must verify gas availability
A3: Immiscible Gas | B3: 15 | C3: 999 | D3: 0 | E3: 25 | L3: 0 | M3: 0 | O3: Taber et al., 1997 | P3: Lower recovery than miscible
A4: Polymer (HPAM) | H4: 70 | I4: 50 | J4: 70000 | K4: 500 | L4: 0 | M4: 0 | O4: Sheng, 2013; Sorbie, 1991 | P4: Standard HPAM polymer
A5: Polymer (ATBS) | H5: 110 | I5: 50 | J5: 250000 | L5: 0 | M5: 0 | O5: Seright, 2019 | P5: High-temp tolerant polymer
A6: SP | B6: 20 | C6: 999 | D6: 0 | E6: 20 | H6: 100 | J6: 50000 | K6: 200 | L6: 0 | M6: 0 | O6: Sheng, 2013 | P6: Surfactant-Polymer
A7: ASP | B7: 22 | C7: 999 | D7: 0 | E7: 30 | H7: 90 | J7: 10000 | K7: 50 | L7: 1 | M7: 0 | O7: Taber et al., 1997; Sheng, 2011 | P7: Requires sandstone
A8: CSS | B8: 0 | C8: 999 | D8: 100 | E8: 999999 | F8: 0 | G8: 3000 | I8: 500 | L8: 0 | M8: 0 | O8: Prats, 1982; Butler, 1991 | P8: Cyclic Steam Stimulation
A9: Steam Flood | B9: 0 | C9: 999 | D9: 100 | E9: 999999 | F9: 0 | G9: 3000 | I9: 1000 | L9: 0 | M9: 0 | O9: Prats, 1982; Butler, 1991 | P9: Continuous steamflood
A10: ISC | B10: 0 | C10: 999 | D10: 10 | E10: 200 | I10: 200 | L10: 0 | M10: 0 | O10: Taber et al., 1997 | P10: In-Situ Combustion

Sheet Lists
A1: RockType | B1: Heterogeneity | C1: YesNo | D1: DriveMechanism
A2: Sandstone | B2: Low | C2: Yes | D2: Solution Gas Drive
A3: Carbonate | B3: Moderate | C3: No | D3: Weak Water Drive
B4: High | D4: Moderate Water Drive
D5: Strong Water Drive
D6: Gas Cap Expansion
D7: Combination Drive
D8: Natural Fracture
D9: Others
